AAACATACAACCAC-1,unassigned
AAACATTGAGCTAC-1,unassigned
AAACATTGATCAGC-1,unassigned
AAACCGTGCTTCCG-1,unassigned
AAACGCACTGGTAC-1,unassigned
AAACGCTGACCAGT-1,unassigned
AAACGCTGGTTCTT-1,unassigned
AAACGCTGTAGCCA-1,unassigned
AAACGCTGTTTCTG-1,unassigned
AAACTTGAAAAACG-1,unassigned
AAACTTGATCCAGA-1,unassigned
AAAGAGACGAGATA-1,unassigned
AAAGAGACGCGAGA-1,unassigned
AAAGAGACGGACTT-1,EMCD8Tcell
AAAGCAGATATCGG-1,unassigned
AAAGCCTGTATGCG-1,CMCD4Tcell
AAAGGCCTGTCTAG-1,unassigned
AAAGTTTGATCACG-1,NaiBcell
AAAGTTTGGGGTGA-1,unassigned
AAAGTTTGTAGAGA-1,unassigned
AAAGTTTGTAGCGT-1,Neutrophil
AAATCAACAATGCC-1,unassigned
AAATCAACACCAGT-1,unassigned
AAATCAACCAGGAG-1,unassigned
AAATCAACCCTATT-1,cDC
AAATCAACGGAAGC-1,unassigned
AAATCAACTCGCAA-1,unassigned
AAATCATGACCACA-1,NClassMonocyte
AAATGTTGAACGAA-1,unassigned
AAATGTTGCCACAA-1,RegTcell
AAATGTTGTGGCAT-1,unassigned
AAATTCGAAGGTTC-1,unassigned
AAATTCGAATCACG-1,unassigned
AAATTCGAGCTGAT-1,unassigned
AAATTCGAGGAGTG-1,unassigned
AAATTCGATTCTCA-1,unassigned
AAATTGACACGACT-1,unassigned
AAATTGACTCGCTC-1,unassigned
AACAAACTCATTTC-1,unassigned
AACAAACTTTCGTT-1,unassigned
AACAATACGACGAG-1,unassigned
AACACGTGCAGAGG-1,unassigned
AACACGTGGAAAGT-1,unassigned
AACACGTGGAACCT-1,ClassMonocyte
AACACGTGGCTACA-1,unassigned
AACACGTGTACGAC-1,unassigned
AACATTGATGGGAG-1,unassigned
AACCAGTGATACCG-1,unassigned
AACCCAGATCGCTC-1,unassigned
AACCGATGCTCCCA-1,unassigned
AACCGATGGTCATG-1,NaiBcell
AACCGATGTTCTAC-1,unassigned
AACCGCCTAGCGTT-1,CMCD4Tcell
AACCGCCTCTACGA-1,unassigned
AACCTACTGTGAGG-1,unassigned
AACCTACTGTGTTG-1,unassigned
AACCTTACGAGACG-1,unassigned
AACCTTACGCGAGA-1,CytotoxCD8Tcell
AACCTTACTAACGC-1,unassigned
AACCTTTGGACGGA-1,unassigned
AACCTTTGTACGCA-1,unassigned
AACGCAACAAGTAG-1,unassigned
AACGCATGACCCAA-1,unassigned
AACGCATGCCTTCG-1,unassigned
AACGCATGTACTTC-1,unassigned
AACGCCCTCGGGAA-1,unassigned
AACGCCCTCGTACA-1,CytotoxCD8Tcell
AACGCCCTGGCATT-1,unassigned
AACGTCGAGTATCG-1,CytotoxCD8Tcell
AACGTGTGAAAGCA-1,unassigned
AACGTGTGGCGGAA-1,NaiBcell
AACGTGTGTCCAAG-1,unassigned
AACGTGTGTGCTTT-1,unassigned
AACTACCTTAGAGA-1,unassigned
AACTCACTCAAGCT-1,unassigned
AACTCACTTGGAGG-1,ClassMonocyte
AACTCGGAAAGTGA-1,CD4Tcell_IL7Rmax
AACTCGGAAGGTCT-1,unassigned
AACTCTTGCAGGAG-1,RegTcell
AACTGTCTCCCTTG-1,ClassMonocyte
AACTTGCTACGCTA-1,unassigned
AACTTGCTGGGACA-1,unassigned
AAGAAGACGTAGGG-1,NaiBcell
AAGACAGAAGTCTG-1,NaiBcell
AAGACAGAGGATCT-1,unassigned
AAGACAGATTACCT-1,unassigned
AAGAGATGGGTAGG-1,NaiBcell
AAGATGGAGAACTC-1,ClassMonocyte
AAGATGGAGATAAG-1,ClassMonocyte
AAGATTACAACCTG-1,unassigned
AAGATTACAGATCC-1,ClassMonocyte
AAGATTACCCGTTC-1,ClassMonocyte
AAGATTACCGCCTT-1,cDC
AAGATTACCTCAAG-1,CytotoxCD8Tcell
AAGCAAGAGCGAGA-1,unassigned
AAGCAAGAGCTTAG-1,CytotoxCD8Tcell
AAGCAAGAGGTGTT-1,CytotoxCD8Tcell
AAGCACTGAGCAAA-1,unassigned
AAGCACTGGTTCTT-1,unassigned
AAGCCAACGTGTTG-1,unassigned
AAGCCATGACACGT-1,unassigned
AAGCCATGCGTGAT-1,unassigned
AAGCCTGACATGCA-1,RegTcell
AAGCCTGACCGAAT-1,ClassMonocyte
AAGCGACTCCTCAC-1,unassigned
AAGCGACTGTGTCA-1,unassigned
AAGCGACTTACAGC-1,NaiBcell
AAGCGACTTTGACG-1,NClassMonocyte
AAGCGTACGTCTTT-1,unassigned
AAGGCTTGCGAACT-1,CytotoxCD8Tcell
AAGGTCACGGTTAC-1,unassigned
AAGGTCACTGTTTC-1,NaiBcell
AAGGTCACTTCCCG-1,CD4Tcell_IL7Rmax
AAGGTCTGACAGTC-1,unassigned
AAGTAACTCTGAAC-1,unassigned
AAGTAGGATACAGC-1,CytotoxCD8Tcell
AAGTATACCGAACT-1,unassigned
AAGTCCGACTTGTT-1,unassigned
AAGTCCGATAGAAG-1,unassigned
AAGTCTCTAGTCGT-1,unassigned
AAGTCTCTCGGAGA-1,unassigned
AAGTGGCTTGGAGG-1,NaiBcell
AAGTTCCTCATTCT-1,unassigned
AAGTTCCTTCTTAC-1,unassigned
AATAAGCTCGAATC-1,unassigned
AATAAGCTCGTTGA-1,unassigned
AATACCCTGGACGA-1,NaiBcell
AATACCCTGGCATT-1,unassigned
AATACTGAAAGGGC-1,unassigned
AATACTGAATTGGC-1,CytotoxCD8Tcell
AATAGGGAACCCTC-1,unassigned
AATAGGGAGAATGA-1,CytotoxCD8Tcell
AATCAAACTATCGG-1,CytotoxCD8Tcell
AATCCGGAATGCTG-1,Plasma
AATCCTACCGGTAT-1,unassigned
AATCCTTGACGGGA-1,unassigned
AATCCTTGGTGAGG-1,CytotoxCD8Tcell
AATCGGTGGAACTC-1,CytotoxCD8Tcell
AATCGGTGTGCTTT-1,unassigned
AATCTAGAAAAGTG-1,unassigned
AATCTAGAATCGGT-1,unassigned
AATCTCACAGCCTA-1,ClassMonocyte
AATCTCACTCTAGG-1,unassigned
AATCTCTGAACAGA-1,unassigned
AATCTCTGCTTTAC-1,CytotoxCD8Tcell
AATGATACACCAAC-1,CytotoxCD8Tcell
AATGATACGGTCAT-1,CytotoxCD8Tcell
AATGCGTGACACCA-1,MemBcell
AATGCGTGGACGGA-1,unassigned
AATGCGTGGCTATG-1,NaiBcell
AATGGAGAATCGTG-1,ClassMonocyte
AATGGAGATCCTTA-1,unassigned
AATGGCTGACACCA-1,NaiBcell
AATGGCTGCGTGAT-1,NaiBcell
AATGGCTGTAAAGG-1,CD4Tcell_IL7Rmax
AATGGCTGTACTCT-1,unassigned
AATGGCTGTGAAGA-1,unassigned
AATGTAACGGTGGA-1,unassigned
AATGTCCTCTTCTA-1,unassigned
AATGTTGACAGTCA-1,unassigned
AATGTTGAGTTGAC-1,unassigned
AATGTTGATCTACT-1,RegTcell
AATTACGAATTCCT-1,cDC
AATTACGACTTCTA-1,unassigned
AATTACGAGTGAGG-1,unassigned
AATTACGATTGGCA-1,NaiBcell
AATTCCTGCTCAGA-1,NaiBcell
AATTGATGTCGCAA-1,unassigned
AATTGTGACTTGGA-1,NaiBcell
ACAAAGGAGGGTGA-1,unassigned
ACAAATTGATTCTC-1,unassigned
ACAAATTGTTGCGA-1,CytotoxCD8Tcell
ACAACCGAGGGATG-1,CytotoxCD8Tcell
ACAACCGAGTTACG-1,unassigned
ACAAGAGAAGTCGT-1,unassigned
ACAAGAGAGTTGAC-1,NaiBcell
ACAATCCTAACCGT-1,unassigned
ACAATCCTTAGCGT-1,NaiBcell
ACAATTGACTGACA-1,CytotoxCD8Tcell
ACAATTGATGACTG-1,CytotoxCD8Tcell
ACACAGACCATACG-1,CytotoxCD8Tcell
ACACCAGAGGGCAA-1,EMCD8Tcell
ACACCCTGGTGTTG-1,CytotoxCD8Tcell
ACACGAACAGTTCG-1,unassigned
ACACGATGACGCAT-1,CD4Tcell_IL7Rmax
ACACGATGATGTGC-1,unassigned
ACACGATGTCGTAG-1,unassigned
ACACGATGTGGTCA-1,CytotoxCD8Tcell
ACAGACACGGCATT-1,unassigned
ACAGACACGTTGTG-1,unassigned
ACAGCAACACCTAG-1,unassigned
ACAGCAACCTCAAG-1,NClassMonocyte
ACAGGTACCCCACT-1,unassigned
ACAGGTACGCTGTA-1,CD4Tcell_IL7Rmax
ACAGGTACTGGTGT-1,CytotoxCD8Tcell
ACAGTCGACCCAAA-1,unassigned
ACAGTCGACCGATA-1,CytotoxCD8Tcell
ACAGTGACTCACCC-1,unassigned
ACAGTGACTCTATC-1,CD4Tcell_IL7Rmax
ACAGTGTGTTGCGA-1,ClassMonocyte
ACATCACTCTACTT-1,Granulocyte
ACATGGTGAAGCCT-1,unassigned
ACATGGTGCAACCA-1,unassigned
ACATGGTGCGAGTT-1,unassigned
ACATTCTGGCATAC-1,unassigned
ACATTCTGGGAACG-1,unassigned
ACCAACGACATGCA-1,unassigned
ACCACAGAAAGTAG-1,unassigned
ACCACAGAGTTGGT-1,unassigned
ACCACCTGTGTGCA-1,unassigned
ACCACGCTACAGCT-1,unassigned
ACCACGCTACCCAA-1,CytotoxCD8Tcell
ACCACGCTGCGAGA-1,unassigned
ACCACGCTGCTGTA-1,unassigned
ACCAGCCTGACAGG-1,unassigned
ACCAGTGAACGGTT-1,NaiBcell
ACCAGTGAATACCG-1,unassigned
ACCAGTGAGGGATG-1,unassigned
ACCAGTGATGACTG-1,unassigned
ACCATTACCTTCTA-1,unassigned
ACCATTACGAGATA-1,RegTcell
ACCATTTGTCATTC-1,unassigned
ACCCAAGAACTGTG-1,CytotoxCD8Tcell
ACCCAAGAATTCCT-1,unassigned
ACCCAAGAGGACAG-1,unassigned
ACCCAAGATTCACT-1,unassigned
ACCCACTGTCGTAG-1,unassigned
ACCCAGCTCAGAAA-1,unassigned
ACCCAGCTGTTAGC-1,ClassMonocyte
ACCCAGCTTGCTTT-1,unassigned
ACCCGTTGATGACC-1,unassigned
ACCCGTTGCTGCAA-1,unassigned
ACCCGTTGCTTCTA-1,pDC
ACCCTCGACCTATT-1,unassigned
ACCCTCGACGGTAT-1,NaiBcell
ACCCTCGATAAGGA-1,unassigned
ACCCTCGATCAAGC-1,unassigned
ACCGTGCTACCAGT-1,cDC
ACCGTGCTGGAACG-1,cDC
ACCTATTGCTGAGT-1,NaiBcell
ACCTATTGTGCCCT-1,unassigned
ACCTCCGAGTCCTC-1,unassigned
ACCTCCGATATGCG-1,unassigned
ACCTCCGATGCTGA-1,CMCD4Tcell
ACCTCGTGAACCAC-1,unassigned
ACCTGAGATATCGG-1,pDC
ACCTGGCTAAGTAG-1,CytotoxCD8Tcell
ACCTTTGACTCCCA-1,CD4Tcell_IL7Rmax
ACCTTTGAGGAACG-1,unassigned
ACCTTTGAGGAAGC-1,cDC
ACGAACACCTTGTT-1,CytotoxCD8Tcell
ACGACCCTATCTCT-1,unassigned
ACGACCCTGATGAA-1,unassigned
ACGACCCTTGACAC-1,unassigned
ACGACCCTTGACCA-1,unassigned
ACGAGGGACGAACT-1,unassigned
ACGAGGGATGTAGC-1,unassigned
ACGAGTACCCTAAG-1,NaiBcell
ACGAGTACGAATCC-1,unassigned
ACGATCGAGGACTT-1,unassigned
ACGATCGAGTCACA-1,ClassMonocyte
ACGATGACAATGCC-1,unassigned
ACGATGACTGGTCA-1,unassigned
ACGATTCTACGGGA-1,unassigned
ACGCAATGGTTCAG-1,CytotoxCD8Tcell
ACGCACCTGTTAGC-1,unassigned
ACGCCGGAAACCAC-1,unassigned
ACGCCGGAAAGCCT-1,unassigned
ACGCCGGAAATGCC-1,unassigned
ACGCCTTGCTCCCA-1,NClassMonocyte
ACGCGGTGGCGAGA-1,RegTcell
ACGCGGTGTGTGGT-1,MemBcell
ACGCGGTGTTTGCT-1,CytotoxCD8Tcell
ACGCTCACAGTACC-1,unassigned
ACGCTCACCCTTGC-1,unassigned
ACGCTGCTGTTCTT-1,CytotoxCD8Tcell
ACGGAACTCAGATC-1,CytotoxCD8Tcell
ACGGAACTGTCGTA-1,unassigned
ACGGAGGACTCTTA-1,unassigned
ACGGATTGGGAGGT-1,NaiBcell
ACGGATTGGTTAGC-1,unassigned
ACGGCTCTGAGCAG-1,unassigned
ACGGCTCTTGCACA-1,unassigned
ACGGTAACCGCTAA-1,unassigned
ACGGTAACCTTCGC-1,CytotoxCD8Tcell
ACGGTAACTCGCAA-1,unassigned
ACGGTATGAGTCGT-1,unassigned
ACGGTATGGGTATC-1,NaiBcell
ACGGTATGGTTGTG-1,NaiBcell
ACGGTCCTAACGGG-1,unassigned
ACGGTCCTCGGGAA-1,unassigned
ACGTAGACAACCAC-1,unassigned
ACGTAGACTACAGC-1,NaiBcell
ACGTCAGAAACGAA-1,unassigned
ACGTCAGAGAGCTT-1,unassigned
ACGTCAGAGGGATG-1,unassigned
ACGTCCTGATAAGG-1,unassigned
ACGTCCTGTGAACC-1,cDC
ACGTCGCTCCTGAA-1,unassigned
ACGTCGCTCTATTC-1,cDC
ACGTCGCTTCTCAT-1,NaiBcell
ACGTGATGCCATGA-1,cDC
ACGTGATGGGTCTA-1,unassigned
ACGTGATGTAACCG-1,unassigned
ACGTGATGTGACAC-1,CytotoxCD8Tcell
ACGTGCCTCCGTAA-1,unassigned
ACGTGCCTTCTATC-1,CytotoxCD8Tcell
ACGTTACTTTCCAT-1,unassigned
ACGTTGGAAAAGCA-1,unassigned
ACGTTGGAAACCTG-1,CytotoxCD8Tcell
ACGTTGGACCGTAA-1,unassigned
ACGTTGGAGCCAAT-1,CytotoxCD8Tcell
ACGTTGGATATGGC-1,NaiBcell
ACGTTGGATCAGGT-1,Neutrophil
ACGTTTACATCAGC-1,unassigned
ACTAAAACCCACAA-1,unassigned
ACTAAAACTCGACA-1,unassigned
ACTACGGAATTTCC-1,unassigned
ACTACGGACCTATT-1,unassigned
ACTACGGATCGCTC-1,unassigned
ACTACTACTAAGGA-1,unassigned
ACTAGGTGGAACCT-1,unassigned
ACTAGGTGGAACTC-1,unassigned
ACTATCACCTTGGA-1,CytotoxCD8Tcell
ACTATCACTGCCAA-1,unassigned
ACTCAGGACTGAAC-1,unassigned
ACTCAGGATCTATC-1,NaiBcell
ACTCAGGATTCGTT-1,unassigned
ACTCCTCTCAACTG-1,unassigned
ACTCGCACGAAAGT-1,ClassMonocyte
ACTCGCACTACGAC-1,unassigned
ACTCTCCTGACACT-1,unassigned
ACTCTCCTGCATAC-1,unassigned
ACTCTCCTGTTTGG-1,unassigned
ACTGAGACAACCAC-1,CD4Tcell_IL7Rmax
ACTGAGACCCATAG-1,unassigned
ACTGAGACGTTGGT-1,CMCD4Tcell
ACTGCCACACACGT-1,unassigned
ACTGCCACTCCGTC-1,CytotoxCD8Tcell
ACTGGCCTTCAGTG-1,CytotoxCD8Tcell
ACTGTGGACGTGTA-1,CytotoxCD8Tcell
ACTGTGGATCTAGG-1,CommonLymphoidPC
ACTGTTACCCACAA-1,ClassMonocyte
ACTGTTACTGCAGT-1,unassigned
ACTTAAGAACCACA-1,unassigned
ACTTAAGATTACTC-1,cDC
ACTTAGCTGCGTAT-1,NClassMonocyte
ACTTAGCTGGGAGT-1,unassigned
ACTTCAACAAGCAA-1,unassigned
ACTTCAACGTAGGG-1,CytotoxCD8Tcell
ACTTCCCTTTCCGC-1,unassigned
ACTTCTGACATGCA-1,NaiBcell
ACTTGACTCCACAA-1,unassigned
ACTTGGGAGAAAGT-1,ClassMonocyte
ACTTGGGAGGTTTG-1,unassigned
ACTTGGGATTGACG-1,unassigned
ACTTGTACCTGTCC-1,Prolif
ACTTTGTGGAAAGT-1,unassigned
ACTTTGTGGATAGA-1,ClassMonocyte
AGAAACGAAAGTAG-1,unassigned
AGAAAGTGCGCAAT-1,unassigned
AGAAAGTGGGGATG-1,ClassMonocyte
AGAACAGAAATGCC-1,CytotoxCD8Tcell
AGAACAGAGACAAA-1,unassigned
AGAACGCTTTGCTT-1,unassigned
AGAAGATGTGACTG-1,unassigned
AGAATGGAAGAAGT-1,CytotoxCD8Tcell
AGAATTTGTAACCG-1,unassigned
AGAATTTGTAGAGA-1,unassigned
AGACACACTGTAGC-1,unassigned
AGACACTGTCAAGC-1,ClassMonocyte
AGACCTGAAGTAGA-1,unassigned
AGACCTGACCAACA-1,unassigned
AGACCTGAGGAAGC-1,CD4Tcell_IL7Rmax
AGACGTACAGAGGC-1,unassigned
AGACGTACCCCTAC-1,NaiBcell
AGACGTACCTCTTA-1,unassigned
AGACGTACTCGTGA-1,unassigned
AGACTGACCATCAG-1,CytotoxCD8Tcell
AGACTGACCCTTTA-1,unassigned
AGACTTCTCATGCA-1,unassigned
AGAGATGACAGTCA-1,NaiBcell
AGAGATGACTGAAC-1,unassigned
AGAGATGAGGTTTG-1,unassigned
AGAGATGATCTCGC-1,unassigned
AGAGATGATTGTGG-1,unassigned
AGAGCGGAGGCAAG-1,unassigned
AGAGTCTGGTCGTA-1,unassigned
AGAGTGCTCAGCTA-1,unassigned
AGAGTGCTCGAATC-1,cDC
AGAGTGCTGTCATG-1,unassigned
AGAGTGCTGTCCTC-1,CD4Tcell_IL7Rmax
AGAGTGCTGTGTTG-1,NaiBcell
AGATATACCCGTAA-1,CytotoxCD8Tcell
AGATATACGATGAA-1,unassigned
AGATATACTGTTCT-1,unassigned
AGATATTGCCTACC-1,unassigned
AGATATTGGCCAAT-1,unassigned
AGATCGTGTCTGGA-1,unassigned
AGATCGTGTTTGTC-1,NaiBcell
AGATCTCTATCACG-1,NaiBcell
AGATTAACGTTCTT-1,unassigned
AGATTCCTATCGTG-1,unassigned
AGATTCCTCACTTT-1,ClassMonocyte
AGATTCCTGACGAG-1,ClassMonocyte
AGATTCCTGTTCAG-1,CytotoxCD8Tcell
AGCAAAGATATGCG-1,NaiBcell
AGCACAACAGTCTG-1,unassigned
AGCACTGAGGGAGT-1,unassigned
AGCACTGATATGCG-1,unassigned
AGCACTGATGCTTT-1,cDC
AGCACTGATTGCGA-1,unassigned
AGCATCGAAGATCC-1,unassigned
AGCATCGAAGGGTG-1,MemBcell
AGCATCGAGCTTCC-1,ClassMonocyte
AGCATCGAGTGAGG-1,unassigned
AGCATCGATAACCG-1,unassigned
AGCATGACGATGAA-1,unassigned
AGCCAATGGGGAGT-1,unassigned
AGCCAATGTATCTC-1,unassigned
AGCCACCTGGATCT-1,CytotoxCD8Tcell
AGCCGGTGCCAATG-1,unassigned
AGCCGGTGTGTTTC-1,unassigned
AGCCGTCTCAATCG-1,HematoMultipotentPC
AGCCGTCTGAGAGC-1,unassigned
AGCCTCACGTTCGA-1,unassigned
AGCCTCACTGTCAG-1,unassigned
AGCCTCTGCAGTTG-1,NaiBcell
AGCCTCTGCCAATG-1,CytotoxCD8Tcell
AGCGAACTGGATCT-1,unassigned
AGCGAACTTACTGG-1,unassigned
AGCGATACGGAGCA-1,unassigned
AGCGATTGAGATCC-1,CytotoxCD8Tcell
AGCGCCGAATCTCT-1,unassigned
AGCGCCGACAGAGG-1,unassigned
AGCGCTCTACCTTT-1,unassigned
AGCGGCACCGGGAA-1,unassigned
AGCGGCTGATGTGC-1,unassigned
AGCGGGCTTGCCAA-1,unassigned
AGCGTAACATGCTG-1,CMCD4Tcell
AGCGTAACTGAGAA-1,unassigned
AGCTCGCTACTGGT-1,unassigned
AGCTCGCTCTGCTC-1,unassigned
AGCTGAACCATACG-1,unassigned
AGCTGAACCTCTCG-1,unassigned
AGCTGCCTTGGGAG-1,unassigned
AGCTGCCTTTCATC-1,unassigned
AGCTGCCTTTCTGT-1,unassigned
AGCTGTGATCCAAG-1,unassigned
AGCTTTACAAGTAG-1,unassigned
AGCTTTACACCAAC-1,unassigned
AGCTTTACTCTCAT-1,Mast
AGGAAATGAGGAGC-1,unassigned
AGGAACCTCTTAGG-1,unassigned
AGGAACCTTGCCTC-1,CytotoxCD8Tcell
AGGAATGATAACGC-1,EMCD8Tcell
AGGAATGATTTGTC-1,unassigned
AGGAGTCTGGTTTG-1,NaiBcell
AGGAGTCTTGTCAG-1,unassigned
AGGATAGACATTTC-1,unassigned
AGGATAGAGGATTC-1,CytotoxCD8Tcell
AGGATGCTACTAGC-1,NaiBcell
AGGATGCTTTAGGC-1,CytotoxCD8Tcell
AGGCAACTGAAGGC-1,unassigned
AGGCAGGAGTACCA-1,unassigned
AGGCCTCTAGTCGT-1,unassigned
AGGCCTCTCGGAGA-1,unassigned
AGGCCTCTCGTAAC-1,unassigned
AGGGACGACGTTGA-1,unassigned
AGGGACGAGTCAAC-1,CytotoxCD8Tcell
AGGGACGAGTTGTG-1,unassigned
AGGGACGATAGAGA-1,CD4Tcell_IL7Rmax
AGGGACGATGCATG-1,CytotoxCD8Tcell
AGGGCCACCATACG-1,CMCD4Tcell
AGGGCGCTAACCAC-1,CMCD4Tcell
AGGGCGCTATGGTC-1,unassigned
AGGGTGGACAGTCA-1,unassigned
AGGGTGGACTCAAG-1,unassigned
AGGGTGGAGTTGCA-1,EMCD8Tcell
AGGGTTTGTTCATC-1,unassigned
AGGTCATGCTTATC-1,unassigned
AGGTCTGATTCTCA-1,unassigned
AGGTGGGAAGAATG-1,CMCD4Tcell
AGGTGGGAAGTTCG-1,unassigned
AGGTGTTGGTTACG-1,unassigned
AGGTTCGAACCTCC-1,unassigned
AGGTTCGAACGTAC-1,unassigned
AGGTTCGAGGGTGA-1,unassigned
AGTAAGGAGTTTGG-1,NaiBcell
AGTAAGGATTCTTG-1,unassigned
AGTAATACATCACG-1,CytotoxCD8Tcell
AGTAATACCGAACT-1,NaiBcell
AGTAATTGTCCCAC-1,unassigned
AGTACGTGAGGGTG-1,CMCD4Tcell
AGTACGTGCTGCAA-1,unassigned
AGTACGTGCTTGGA-1,unassigned
AGTACTCTACGTGT-1,NaiBcell
AGTACTCTCAACCA-1,CytotoxCD8Tcell
AGTACTCTCGGTAT-1,unassigned
AGTAGGCTTGCCTC-1,cDC
AGTATAACTTGTCT-1,NClassMonocyte
AGTATCCTAGAACA-1,unassigned
AGTCACGATGAGCT-1,CytotoxCD8Tcell
AGTCAGACGAATAG-1,unassigned
AGTCAGACGCTTAG-1,unassigned
AGTCAGACTAGAGA-1,unassigned
AGTCAGACTGCACA-1,unassigned
AGTCCAGATATCTC-1,unassigned
AGTCCAGATTTCAC-1,unassigned
AGTCGAACCAACCA-1,unassigned
AGTCGCCTCCGTAA-1,CMCD4Tcell
AGTCTACTAGGGTG-1,ClassMonocyte
AGTCTACTTGCATG-1,cDC
AGTCTTACACCACA-1,unassigned
AGTCTTACTTCGCC-1,unassigned
AGTGACTGCAACTG-1,unassigned
AGTGTTCTAACCTG-1,unassigned
AGTGTTCTATAAGG-1,unassigned
AGTGTTCTCACTTT-1,unassigned
AGTTAAACCACTTT-1,unassigned
AGTTATGAACAGTC-1,ClassMonocyte
AGTTATGACTGAGT-1,unassigned
AGTTATGAGTTCAG-1,unassigned
AGTTCTACCAGCTA-1,ClassMonocyte
AGTTCTTGAAGCCT-1,unassigned
AGTTGTCTACTACG-1,unassigned
AGTTTAGATGGTCA-1,unassigned
AGTTTCACGGTCTA-1,CytotoxCD8Tcell
AGTTTGCTACAGTC-1,unassigned
AGTTTGCTACTGGT-1,unassigned
AGTTTGCTCCAAGT-1,unassigned
ATAAACACAGTGCT-1,NaiBcell
ATAAACACCACCAA-1,CMCD4Tcell
ATAACAACATGCTG-1,ClassMonocyte
ATAACAACGTCTAG-1,unassigned
ATAACAACTTTGTC-1,unassigned
ATAACATGTACTCT-1,unassigned
ATAACCCTGTTGGT-1,unassigned
ATAACCCTTGGTAC-1,unassigned
ATAAGTACGAATGA-1,NaiBcell
ATAAGTTGGTACGT-1,unassigned
ATAAGTTGTCTAGG-1,unassigned
ATAATCGAGCTGAT-1,NaiBcell
ATAATCGATGGTTG-1,unassigned
ATAATGACCTACTT-1,NaiTcell
ATAATGACTCGTGA-1,unassigned
ATACAATGTTAGGC-1,unassigned
ATACCACTCGTACA-1,unassigned
ATACCACTCTAAGC-1,cDC
ATACCACTGCCAAT-1,CD56brightNK
ATACCGGAATGCTG-1,cDC
ATACCGGACATTTC-1,unassigned
ATACCGGACTTCGC-1,unassigned
ATACCGGAGGTGTT-1,unassigned
ATACCGGATCTCGC-1,NaiBcell
ATACCTACGCATCA-1,unassigned
ATACCTTGGGGCAA-1,unassigned
ATACGGACCTACTT-1,unassigned
ATACGGACGAGGTG-1,NaiBcell
ATACGGACTATGCG-1,NaiBcell
ATACGGACTCTGGA-1,ClassMonocyte
ATACGTCTTAACGC-1,ClassMonocyte
ATACTCTGCTTCGC-1,unassigned
ATACTCTGGTATGC-1,CytotoxCD8Tcell
ATAGATACCATGGT-1,unassigned
ATAGATACGACGAG-1,unassigned
ATAGATTGGTGTAC-1,MemBcell
ATAGCCGAACGGAG-1,unassigned
ATAGCGTGCAGATC-1,unassigned
ATAGCGTGCCCTTG-1,ClassMonocyte
ATAGCGTGGTATCG-1,unassigned
ATAGCGTGTCTCTA-1,CytotoxCD8Tcell
ATAGCTCTCTGATG-1,unassigned
ATAGCTCTGAGGTG-1,unassigned
ATAGGAGAAACAGA-1,unassigned
ATAGGCTGTCAGAC-1,unassigned
ATAGTCCTAGTGTC-1,ClassMonocyte
ATAGTCCTTGCATG-1,unassigned
ATAGTCCTTGTCGA-1,unassigned
ATAGTTGACAACTG-1,unassigned
ATAGTTGACCCTCA-1,unassigned
ATAGTTGAGACGTT-1,unassigned
ATAGTTGATAAGCC-1,unassigned
ATATACGAAGCCAT-1,unassigned
ATATACGAATTGGC-1,unassigned
ATATAGTGGAATGA-1,unassigned
ATATGCCTAGATCC-1,unassigned
ATATGCCTGGACAG-1,unassigned
ATATGCCTTCTCTA-1,unassigned
ATATGCCTTGGTAC-1,unassigned
ATCAAATGAGCCTA-1,unassigned
ATCAAATGGGTAAA-1,unassigned
ATCAACCTAAACGA-1,unassigned
ATCAACCTGAGGAC-1,unassigned
ATCAACCTTCTCTA-1,unassigned
ATCAACCTTTGTCT-1,unassigned
ATCACACTTTGTCT-1,unassigned
ATCACGGATTTCGT-1,NaiBcell
ATCATGCTGAACCT-1,CMCD4Tcell
ATCCAGGACGCTAA-1,NClassMonocyte
ATCCAGGATGGAAA-1,CD4Tcell_IL7Rmax
ATCCATACTCCTTA-1,unassigned
ATCCATACTTCATC-1,NClassMonocyte
ATCCCGTGCAGTCA-1,CytotoxCD8Tcell
ATCCCGTGGCTGAT-1,NaiBcell
ATCCGCACGCATCA-1,NaiBcell
ATCCTAACGACGGA-1,NaiBcell
ATCCTAACGCTACA-1,unassigned
ATCGACGAAACTGC-1,ClassMonocyte
ATCGACGAATGACC-1,unassigned
ATCGAGTGGACGTT-1,CytotoxCD8Tcell
ATCGCAGAATCTCT-1,NClassMonocyte
ATCGCAGAGTGTCA-1,NaiBcell
ATCGCCACTGAGGG-1,CytotoxCD8Tcell
ATCGCCTGGGTCAT-1,unassigned
ATCGCGCTCAGAGG-1,unassigned
ATCGCGCTGGGATG-1,unassigned
ATCGCGCTTTTCGT-1,NaiBcell
ATCGGAACCAGTCA-1,unassigned
ATCGGTGAGTCAAC-1,unassigned
ATCGGTGATTGCAG-1,unassigned
ATCGTTTGCCTACC-1,ClassMonocyte
ATCGTTTGGGTACT-1,unassigned
ATCTACACCGGGAA-1,unassigned
ATCTCAACAGGAGC-1,NaiBcell
ATCTCAACCTTGTT-1,ClassMonocyte
ATCTGGGAAACCAC-1,unassigned
ATCTGGGAAGTGTC-1,unassigned
ATCTGGGATTCCGC-1,unassigned
ATCTGTTGAACGGG-1,unassigned
ATCTGTTGACCTCC-1,unassigned
ATCTGTTGCCTTCG-1,unassigned
ATCTGTTGGTTGCA-1,unassigned
ATCTTGACACCAAC-1,unassigned
ATCTTGACCTCCCA-1,unassigned
ATCTTTCTGTTTCT-1,unassigned
ATCTTTCTTGTCCC-1,CytotoxCD8Tcell
ATGAAACTCTGTGA-1,unassigned
ATGAAACTGAGGCA-1,unassigned
ATGAAGGAACAGCT-1,unassigned
ATGAAGGACCTGTC-1,NaiBcell
ATGAAGGACTTGCC-1,CytotoxCD8Tcell
ATGACGTGACGACT-1,NaiBcell
ATGACGTGATCGGT-1,unassigned
ATGAGAGAAAGTGA-1,unassigned
ATGAGAGAACGCAT-1,unassigned
ATGAGAGAAGTAGA-1,NaiBcell
ATGAGCACACAGCT-1,unassigned
ATGAGCACATCTTC-1,unassigned
ATGATAACTTCACT-1,CytotoxCD8Tcell
ATGATATGAAACAG-1,unassigned
ATGATATGACTGGT-1,unassigned
ATGATATGAGCACT-1,unassigned
ATGATATGGTCATG-1,unassigned
ATGATATGGTGCTA-1,CytotoxCD8Tcell
ATGATATGTTGTCT-1,unassigned
ATGCACGAATGTCG-1,NaiBcell
ATGCACGACTGTAG-1,unassigned
ATGCACGAGAACCT-1,MemBcell
ATGCACGAGTTCGA-1,unassigned
ATGCACGATTGGTG-1,unassigned
ATGCAGTGTTACCT-1,NaiBcell
ATGCAGTGTTCTAC-1,unassigned
ATGCCAGAACGACT-1,unassigned
ATGCCAGACAGTCA-1,ClassMonocyte
ATGCCGCTTGAACC-1,unassigned
ATGCGATGCTATGG-1,unassigned
ATGCGATGCTGAGT-1,unassigned
ATGCGATGGTTACG-1,unassigned
ATGCGCCTTCATTC-1,unassigned
ATGCTTTGCGAATC-1,unassigned
ATGCTTTGGGCGAA-1,unassigned
ATGCTTTGTAGTCG-1,NaiBcell
ATGGACACATCGGT-1,unassigned
ATGGACACGCATCA-1,CytotoxCD8Tcell
ATGGGTACAACCTG-1,NaiBcell
ATGGGTACATCGGT-1,CytotoxCD8Tcell
ATGGGTACTATTCC-1,unassigned
ATGGGTACTGGGAG-1,unassigned
ATGTAAACACCTCC-1,pDC
ATGTAAACCCGCTT-1,unassigned
ATGTAAACGGGATG-1,cDC
ATGTAAACTCTCCG-1,unassigned
ATGTAAACTTCACT-1,ClassMonocyte
ATGTACCTCAGTCA-1,unassigned
ATGTACCTTAGTCG-1,unassigned
ATGTACCTTTATCC-1,unassigned
ATGTACCTTTCACT-1,CytotoxCD8Tcell
ATGTCACTAATGCC-1,ClassMonocyte
ATGTCACTCTGCTC-1,unassigned
ATGTCGGAGGTGAG-1,unassigned
ATGTTCACAGTCTG-1,unassigned
ATGTTCACCGTAGT-1,unassigned
ATGTTGCTTTCAGG-1,CMCD4Tcell
ATTAACGATGAGAA-1,CytotoxCD8Tcell
ATTAACGATGCAAC-1,CytotoxCD8Tcell
ATTAAGACTGCAGT-1,unassigned
ATTACCTGCCTTAT-1,ClassMonocyte
ATTACCTGGAGGAC-1,unassigned
ATTAGATGTTTCAC-1,unassigned
ATTATGGAATCTCT-1,unassigned
ATTCAAGAACGGGA-1,unassigned
ATTCAAGACCTTTA-1,RegTcell
ATTCCAACCATTGG-1,ClassMonocyte
ATTCCAACTTAGGC-1,CytotoxCD8Tcell
ATTCGACTCACTAG-1,unassigned
ATTCGACTGAATAG-1,unassigned
ATTCGACTTTTGTC-1,unassigned
ATTCGGGAAAGGCG-1,unassigned
ATTCGGGATTAGGC-1,unassigned
ATTCTTCTGATACC-1,unassigned
ATTGAATGGACGGA-1,unassigned
ATTGATGAAGGTTC-1,unassigned
ATTGATGACTGAGT-1,unassigned
ATTGATGAGCGAAG-1,unassigned
ATTGATGATCTATC-1,unassigned
ATTGCACTGACGGA-1,unassigned
ATTGCACTGAGAGC-1,unassigned
ATTGCACTGGAGCA-1,unassigned
ATTGCACTTAGCCA-1,RegTcell
ATTGCACTTGCTTT-1,unassigned
ATTGCTTGTTACTC-1,unassigned
ATTGGTCTGACTAC-1,unassigned
ATTGTAGATTCCCG-1,cDC
ATTGTAGATTGCAG-1,unassigned
ATTGTCTGCGTACA-1,unassigned
ATTTAGGAACCATG-1,unassigned
ATTTAGGACAGAGG-1,unassigned
ATTTCCGAGATGAA-1,unassigned
ATTTCCGAGTGCTA-1,unassigned
ATTTCGTGTATGGC-1,unassigned
ATTTCTCTACTTTC-1,unassigned
ATTTCTCTAGCAAA-1,unassigned
ATTTCTCTCACTTT-1,unassigned
ATTTCTCTTCCCAC-1,unassigned
ATTTGCACAAGATG-1,ClassMonocyte
CAAAGCACAGCTCA-1,unassigned
CAAAGCACCGTAAC-1,unassigned
CAAAGCACGGTAAA-1,CytotoxCD8Tcell
CAAAGCTGAAAGTG-1,CytotoxCD8Tcell
CAAAGCTGTTGCTT-1,unassigned
CAAATATGTGACAC-1,unassigned
CAAATTGAGGGCAA-1,unassigned
CAACCAGAAAAGTG-1,unassigned
CAACCAGAAGTGCT-1,unassigned
CAACCAGAGTTCAG-1,ClassMonocyte
CAACCGCTGTTCAG-1,unassigned
CAACCGCTTTGAGC-1,unassigned
CAACGATGCGCAAT-1,unassigned
CAACGTGACTCCAC-1,ClassMonocyte
CAACGTGAGCCATA-1,CytotoxCD8Tcell
CAACGTGATCAAGC-1,unassigned
CAAGAAGACCACAA-1,unassigned
CAAGAAGACGTCTC-1,cDC
CAAGAAGATTCTAC-1,unassigned
CAAGACTGACCTGA-1,NaiBcell
CAAGACTGAGTAGA-1,NaiBcell
CAAGCTGACCATAG-1,unassigned
CAAGCTGATCTATC-1,CytotoxCD8Tcell
CAAGGACTGTTCAG-1,unassigned
CAAGGACTTCTTTG-1,unassigned
CAAGGTTGCTCCAC-1,RegTcell
CAAGGTTGTCATTC-1,NaiBcell
CAAGGTTGTCTGGA-1,CytotoxCD8Tcell
CAAGTCGAAACAGA-1,NaiBcell
CAAGTCGATAGCGT-1,unassigned
CAATAATGAACTGC-1,unassigned
CAATATGACATGGT-1,unassigned
CAATATGACCTTCG-1,CytotoxCD8Tcell
CAATATGACGTTAG-1,RegTcell
CAATATGAGGAGCA-1,unassigned
CAATCGGAGAAACA-1,unassigned
CAATCTACTGACTG-1,CytotoxCD8Tcell
CAATTCACCCAACA-1,CytotoxCD8Tcell
CAATTCACGATAGA-1,unassigned
CAATTCACTTGTGG-1,unassigned
CAATTCTGCTTGTT-1,unassigned
CAATTCTGGCGTAT-1,unassigned
CACAACGATACGAC-1,unassigned
CACAATCTTGTTCT-1,unassigned
CACAATCTTTCCAT-1,RegTcell
CACACCTGCTTGAG-1,unassigned
CACACCTGTATGGC-1,unassigned
CACAGAACCCTTGC-1,NaiBcell
CACAGAACCTGATG-1,HematoStem
CACAGATGGGATTC-1,unassigned
CACAGATGGTTTCT-1,unassigned
CACAGCCTGATACC-1,RegTcell
CACAGCCTTGCCAA-1,unassigned
CACAGCCTTGTAGC-1,unassigned
CACAGTGATGAAGA-1,unassigned
CACATACTACAGCT-1,unassigned
CACATGGAACACGT-1,unassigned
CACATGGAAGTCGT-1,unassigned
CACCACTGCCAACA-1,unassigned
CACCACTGGCGAAG-1,unassigned
CACCGGGAATCGAC-1,unassigned
CACCGGGACGAGAG-1,unassigned
CACCGGGACGTGTA-1,unassigned
CACCGGGACTTCTA-1,unassigned
CACCGGGACTTGCC-1,CytotoxCD8Tcell
CACCGGGATTCGGA-1,CytotoxCD8Tcell
CACCGTACTAAGGA-1,NaiBcell
CACCGTACTAGCGT-1,unassigned
CACCTGACACCCAA-1,CytotoxCD8Tcell
CACCTGACCAGAAA-1,unassigned
CACCTGACCTCAAG-1,CytotoxCD8Tcell
CACCTGACGAAAGT-1,NaiBcell
CACCTGACTCGTAG-1,unassigned
CACGAAACTTCCGC-1,unassigned
CACGACCTCGATAC-1,NaiBcell
CACGCTACTGTTCT-1,NaiBcell
CACGGGACAGAGTA-1,unassigned
CACGGGACATAAGG-1,unassigned
CACGGGACGTAGGG-1,unassigned
CACGGGTGCTTCGC-1,CytotoxCD8Tcell
CACGGGTGGAGGAC-1,unassigned
CACTAACTCCTAAG-1,unassigned
CACTAACTGAAAGT-1,unassigned
CACTAGGATGATGC-1,NaiBcell
CACTATACCCCGTT-1,MemBcell
CACTATACGTTTGG-1,CytotoxCD8Tcell
CACTGCACTTCATC-1,CMCD4Tcell
CACTGCTGAGACTC-1,unassigned
CACTGCTGGAAAGT-1,unassigned
CACTTAACCGAATC-1,CMCD4Tcell
CACTTAACCGTACA-1,NaiBcell
CACTTTGACTCTAT-1,MemBcell
CAGAAGCTCTCAAG-1,unassigned
CAGACATGAACGGG-1,unassigned
CAGACATGTCGACA-1,unassigned
CAGACCCTAAGGTA-1,unassigned
CAGACCCTAATGCC-1,unassigned
CAGACCCTAGGAGC-1,unassigned
CAGACTGAGTATGC-1,unassigned
CAGATCGAATGTCG-1,NaiBcell
CAGATCGATATGGC-1,unassigned
CAGATGACATTCTC-1,CytotoxCD8Tcell
CAGCAATGCCTTCG-1,unassigned
CAGCAATGGAGGGT-1,CytotoxCD8Tcell
CAGCAATGGTGCTA-1,unassigned
CAGCAATGTCTACT-1,ClassMonocyte
CAGCAATGTGACCA-1,EMCD8Tcell
CAGCAATGTGAGGG-1,unassigned
CAGCACCTAAGCCT-1,CMCD4Tcell
CAGCACCTAGGCGA-1,unassigned
CAGCACCTGTAGGG-1,ClassMonocyte
CAGCATGACAACCA-1,unassigned
CAGCATGAGACGTT-1,CD4Tcell_IL7Rmax
CAGCCTACCCAACA-1,unassigned
CAGCCTTGCTACCC-1,unassigned
CAGCCTTGGGGACA-1,unassigned
CAGCGGACACCCTC-1,unassigned
CAGCGGACCTTTAC-1,CytotoxCD8Tcell
CAGCGTCTAAAGCA-1,unassigned
CAGCGTCTTATCGG-1,unassigned
CAGCTAGATGTGAC-1,unassigned
CAGCTCTGAGGCGA-1,cDC
CAGCTCTGCAAGCT-1,CytotoxCD8Tcell
CAGCTCTGTCGTAG-1,unassigned
CAGCTCTGTGTGGT-1,CytotoxCD8Tcell
CAGGAACTAACTGC-1,unassigned
CAGGAACTCTCAGA-1,unassigned
CAGGCCGAACACCA-1,CMCD4Tcell
CAGGCCGAACACGT-1,unassigned
CAGGCCGAACGACT-1,unassigned
CAGGCCGAATCTCT-1,unassigned
CAGGCCGACTAGCA-1,NaiBcell
CAGGGCACCATACG-1,NaiBcell
CAGGGCACCCAACA-1,unassigned
CAGGGCACTCCCGT-1,unassigned
CAGGTAACAGACTC-1,unassigned
CAGGTATGAGTCGT-1,unassigned
CAGGTATGTGCTTT-1,unassigned
CAGTGATGGACGGA-1,NaiBcell
CAGTGATGGCTAAC-1,CytotoxCD8Tcell
CAGTGATGGGACAG-1,unassigned
CAGTGATGTAAGGA-1,NaiBcell
CAGTGATGTACGCA-1,MemBcell
CAGTGTGATGTCAG-1,NaiBcell
CAGTTACTAAGGTA-1,NaiBcell
CAGTTACTGATAGA-1,unassigned
CAGTTGGAAAGAGT-1,unassigned
CAGTTGGACATACG-1,unassigned
CAGTTTACACACGT-1,CytotoxCD8Tcell
CAGTTTACCCCAAA-1,unassigned
CATAAAACGGAGCA-1,ClassMonocyte
CATAAATGAACTGC-1,unassigned
CATAACCTTCTCCG-1,unassigned
CATACTACCTCGAA-1,unassigned
CATACTACCTGAAC-1,unassigned
CATACTACGTACCA-1,NaiBcell
CATAGTCTAATCGC-1,unassigned
CATAGTCTCACTTT-1,unassigned
CATATAGACTAAGC-1,cDC
CATATAGATCAGGT-1,NaiBcell
CATCAACTAGAAGT-1,unassigned
CATCAACTCCCTCA-1,unassigned
CATCAGGACTTCCG-1,CytotoxCD8Tcell
CATCAGGATAGCCA-1,CytotoxCD8Tcell
CATCAGGATCCTAT-1,NClassMonocyte
CATCAGGATGCACA-1,unassigned
CATCAGGATTTCGT-1,ClassMonocyte
CATCATACCGCATA-1,unassigned
CATCATACGGAGCA-1,NaiBcell
CATCATACTCAAGC-1,unassigned
CATCGCTGGGATCT-1,unassigned
CATCGCTGTGGCAT-1,NaiBcell
CATCGGCTATGCTG-1,unassigned
CATCGGCTTTGGCA-1,unassigned
CATCTCCTATGTGC-1,NaiBcell
CATCTCCTCGAACT-1,unassigned
CATGAGACGTTGAC-1,CytotoxCD8Tcell
CATGAGACTCGCCT-1,unassigned
CATGCCACGGGTGA-1,unassigned
CATGCCACTGCCAA-1,unassigned
CATGCGCTAGTCAC-1,unassigned
CATGCGCTCAGATC-1,ClassMonocyte
CATGCGCTTTGCAG-1,unassigned
CATGGCCTAGGGTG-1,ClassMonocyte
CATGGCCTGTGCAT-1,unassigned
CATGTACTATCGTG-1,CytotoxCD8Tcell
CATGTTACAGTCGT-1,CytotoxCD8Tcell
CATGTTACCTGAGT-1,unassigned
CATGTTTGGGGATG-1,ClassMonocyte
CATTACACACGGAG-1,NaiBcell
CATTACACCAACTG-1,CD56dimNK
CATTACACGGAGTG-1,unassigned
CATTACACTACTCT-1,unassigned
CATTAGCTCCACAA-1,unassigned
CATTGACTAGCGGA-1,unassigned
CATTGGGACTCGAA-1,NaiBcell
CATTGTACAGCGTT-1,unassigned
CATTGTACTCGATG-1,MemBcell
CATTGTACTTATCC-1,unassigned
CATTGTACTTTGCT-1,NClassMonocyte
CATTGTTGCTAGTG-1,unassigned
CATTTCGACTCTAT-1,EMCD8Tcell
CATTTCGAGATACC-1,CytotoxCD8Tcell
CATTTGACCACACA-1,unassigned
CATTTGACCCTGAA-1,unassigned
CATTTGTGACGACT-1,unassigned
CATTTGTGCATTGG-1,unassigned
CATTTGTGCGGAGA-1,unassigned
CATTTGTGGGATCT-1,NaiBcell
CCAAAGTGCTACGA-1,unassigned
CCAAAGTGTGAGAA-1,unassigned
CCAACCTGAAGTAG-1,CytotoxCD8Tcell
CCAACCTGACGTAC-1,ClassMonocyte
CCAACCTGTTCGCC-1,ClassMonocyte
CCAAGAACCCAATG-1,CD4Tcell_IL7Rmax
CCAAGAACGTAGCT-1,unassigned
CCAAGAACGTGTCA-1,unassigned
CCAAGAACTACTGG-1,CytotoxCD8Tcell
CCAAGATGTCATTC-1,RegTcell
CCAAGATGTTTCAC-1,RegTcell
CCAAGTGAGGAACG-1,unassigned
CCAAGTGATCAAGC-1,unassigned
CCAATTTGAACGTC-1,ClassMonocyte
CCACCATGAACGTC-1,unassigned
CCACCATGATCGGT-1,unassigned
CCACCATGGACGAG-1,unassigned
CCACCATGGGGAGT-1,unassigned
CCACCATGTCCTGC-1,CytotoxCD8Tcell
CCACTGACCCGCTT-1,unassigned
CCACTGTGTGTAGC-1,unassigned
CCACTTCTCGGGAA-1,unassigned
CCAGAAACCCTGTC-1,NaiBcell
CCAGAAACGAACTC-1,unassigned
CCAGAAACGGTCTA-1,unassigned
CCAGACCTTGTGGT-1,unassigned
CCAGCACTGCGATT-1,unassigned
CCAGCGGAAAGGCG-1,ClassMonocyte
CCAGCGGACGACTA-1,ClassMonocyte
CCAGCGGATGGGAG-1,unassigned
CCAGCTACACAGTC-1,unassigned
CCAGCTACCAGCTA-1,NaiBcell
CCAGGTCTACACCA-1,NaiBcell
CCAGGTCTAGCATC-1,unassigned
CCAGGTCTATGGTC-1,unassigned
CCAGTCACACTGGT-1,unassigned
CCAGTCACACTGTG-1,NaiBcell
CCAGTCACGTTGTG-1,unassigned
CCAGTGCTAACCAC-1,unassigned
CCAGTGCTCGTAGT-1,unassigned
CCATCCGAAAGCAA-1,unassigned
CCATCCGAAGGTTC-1,NaiBcell
CCATCCGATTCGCC-1,unassigned
CCATCGTGAACGGG-1,unassigned
CCATCGTGCTAGAC-1,unassigned
CCCAACACCTCGCT-1,unassigned
CCCAACACGCATCA-1,unassigned
CCCAACACTTTGTC-1,unassigned
CCCAGACTGCCTTC-1,unassigned
CCCAGACTGGTTTG-1,MemBcell
CCCAGACTTTCGCC-1,unassigned
CCCAGTTGCAGTTG-1,unassigned
CCCAGTTGGGTACT-1,CD4Tcell_IL7Rmax
CCCAGTTGTCTATC-1,NaiBcell
CCCGATTGTGTTTC-1,unassigned
CCCGGAGAAGGGTG-1,unassigned
CCCTACGAATTGGC-1,unassigned
CCCTAGTGCAAAGA-1,unassigned
CCCTCAGACACTTT-1,NaiBcell
CCCTCAGACGAGAG-1,unassigned
CCCTCAGAGGTCAT-1,unassigned
CCCTGAACTAAAGG-1,unassigned
CCCTGATGCAACCA-1,CMCD4Tcell
CCCTGATGCAAGCT-1,NaiBcell
CCCTTACTAACCAC-1,unassigned
CCGAAAACCTTGTT-1,unassigned
CCGACACTGGTTTG-1,unassigned
CCGACTACCCAGTA-1,ClassMonocyte
CCGACTACCGTGTA-1,unassigned
CCGACTACTGAGGG-1,unassigned
CCGATAGACCTAAG-1,unassigned
CCGATAGAGTTGGT-1,cDC
CCGCGAGACACACA-1,unassigned
CCGCGAGAGGTTCA-1,CD4Tcell_IL7Rmax
CCGCTATGGGACGA-1,NaiBcell
CCGCTATGTGCAAC-1,unassigned
CCGCTATGTGCACA-1,unassigned
CCGGTACTGTCCTC-1,unassigned
CCGTACACAAGCAA-1,unassigned
CCGTACACAGCGTT-1,unassigned
CCGTACACGTCATG-1,CytotoxCD8Tcell
CCGTACACGTTGGT-1,unassigned
CCGTACACTAACGC-1,CD4Tcell_IL7Rmax
CCTAAACTTTCGTT-1,unassigned
CCTAAGGACCCAAA-1,unassigned
CCTAAGGACTAGCA-1,ClassMonocyte
CCTAAGGATGATGC-1,unassigned
CCTAAGGATGTCAG-1,unassigned
CCTACCGACTCTTA-1,unassigned
CCTACCGAGGGATG-1,unassigned
CCTAGAGAGGTGAG-1,unassigned
CCTATAACCAAAGA-1,unassigned
CCTATAACGAGACG-1,unassigned
CCTATAACTCAGAC-1,unassigned
CCTATAACTGCATG-1,unassigned
CCTCGAACACTTTC-1,CytotoxCD8Tcell
CCTCGAACCCGTAA-1,unassigned
CCTCGAACGTATCG-1,RegTcell
CCTCGAACTTACTC-1,unassigned
CCTCTACTCTTCGC-1,unassigned
CCTCTACTGGCATT-1,unassigned
CCTGACTGAAGTAG-1,unassigned
CCTGACTGGGGAGT-1,unassigned
CCTGACTGTGTCTT-1,NaiBcell
CCTGCAACACGTTG-1,NaiBcell
CCTGGACTCGTGAT-1,unassigned
CCTTAATGCCCAAA-1,NaiBcell
CCTTAATGTTCTAC-1,unassigned
CCTTCACTACGACT-1,unassigned
CCTTCACTCAGTCA-1,unassigned
CCTTCACTGGAGTG-1,Granulocyte
CCTTTAGATTCATC-1,unassigned
CGAACATGCCCTAC-1,unassigned
CGAACATGTCAGAC-1,unassigned
CGAAGACTGGAACG-1,CD4Tcell_IL7Rmax
CGAAGACTGTTACG-1,unassigned
CGAAGGGAAACCTG-1,CytotoxCD8Tcell
CGAAGGGATCCGAA-1,MemBcell
CGAAGTACCAACTG-1,NaiBcell
CGAATCGAGGAGGT-1,unassigned
CGACAAACCCATAG-1,unassigned
CGACAAACCGACAT-1,unassigned
CGACCACTAAAGTG-1,CytotoxCD8Tcell
CGACCACTGCCAAT-1,CytotoxCD8Tcell
CGACCGGAAGGTCT-1,unassigned
CGACCGGATGGAAA-1,RegTcell
CGACCTTGCTAGTG-1,unassigned
CGACGTCTATCGTG-1,unassigned
CGACGTCTCGTGTA-1,CMCD4Tcell
CGACGTCTGAGGCA-1,unassigned
CGACTCACGTCGTA-1,unassigned
CGACTCACGTTGCA-1,unassigned
CGACTCTGTGTGAC-1,unassigned
CGACTGCTTCCTCG-1,unassigned
CGAGAACTAAGGCG-1,CytotoxCD8Tcell
CGAGAACTACGTTG-1,unassigned
CGAGAACTTGTTCT-1,unassigned
CGAGATTGGACACT-1,CytotoxCD8Tcell
CGAGATTGGCCATA-1,CytotoxCD8Tcell
CGAGCCGAACACCA-1,unassigned
CGAGCCGAGGCGAA-1,unassigned
CGAGCGTGCTCCAC-1,unassigned
CGAGCGTGGATACC-1,unassigned
CGAGCGTGTATGCG-1,ClassMonocyte
CGAGGAGACCTCCA-1,NaiBcell
CGAGGAGATGTCGA-1,unassigned
CGAGGCACCTATGG-1,CytotoxCD8Tcell
CGAGGCACTATGCG-1,unassigned
CGAGGCACTCTTCA-1,CD4Tcell_IL7Rmax
CGAGGCTGACGCTA-1,CytotoxCD8Tcell
CGAGGCTGGCAGTT-1,unassigned
CGAGGGCTACGACT-1,NaiBcell
CGAGTATGTCACCC-1,unassigned
CGATACGAACAGTC-1,unassigned
CGATACGATTCACT-1,NaiBcell
CGATAGACCCGTAA-1,unassigned
CGATAGACCGTACA-1,CD4Tcell_IL7Rmax
CGATAGACGTAGGG-1,ClassMonocyte
CGATAGACTGTTCT-1,unassigned
CGATCAGAAGAACA-1,CytotoxCD8Tcell
CGATCAGAGAGGGT-1,unassigned
CGATCAGAGGTACT-1,unassigned
CGATCAGATGTGAC-1,pDC
CGATCCACCGGGAA-1,CD4Tcell_IL7Rmax
CGCAAATGCTCGAA-1,unassigned
CGCAACCTCCTTGC-1,unassigned
CGCAACCTGGACGA-1,unassigned
CGCACGGAGGACGA-1,NaiBcell
CGCACGGATCTTTG-1,unassigned
CGCACTACAGAATG-1,unassigned
CGCACTACAGCCAT-1,unassigned
CGCACTACATTGGC-1,unassigned
CGCACTACTCGCCT-1,NaiBcell
CGCACTACTCGTGA-1,EMCD8Tcell
CGCACTTGTCACGA-1,unassigned
CGCAGGACAGATCC-1,unassigned
CGCAGGACCTACTT-1,unassigned
CGCAGGACTTGTCT-1,cDC
CGCAGGTGCACTGA-1,unassigned
CGCAGGTGCCATAG-1,unassigned
CGCAGGTGGGAACG-1,unassigned
CGCCATACTGCAAC-1,unassigned
CGCCATTGAGAGGC-1,unassigned
CGCCATTGCTATGG-1,unassigned
CGCCATTGGAGACG-1,unassigned
CGCCATTGGAGCAG-1,NaiBcell
CGCCATTGTACTGG-1,NaiBcell
CGCCGAGAGCTTAG-1,CytotoxCD8Tcell
CGCCTAACGAATGA-1,cDC
CGCCTAACTGCTCC-1,unassigned
CGCGAGACACAGCT-1,unassigned
CGCGAGACAGGTCT-1,unassigned
CGCGAGACGCTACA-1,unassigned
CGCGATCTCAGTCA-1,unassigned
CGCGATCTGTTGAC-1,ClassMonocyte
CGCGATCTTTCTTG-1,unassigned
CGCGGATGGCCAAT-1,unassigned
CGCTAAGAATGTCG-1,cDC
CGCTAAGACAACTG-1,unassigned
CGCTAAGACCCTTG-1,unassigned
CGCTACTGAACAGA-1,unassigned
CGCTACTGAGAACA-1,CMCD4Tcell
CGCTACTGTGAGCT-1,unassigned
CGCTACTGTTCCCG-1,CytotoxCD8Tcell
CGCTCATGCATTTC-1,ClassMonocyte
CGGAATTGGTTTGG-1,unassigned
CGGAATTGTGGAGG-1,unassigned
CGGACCGATGCGTA-1,CytotoxCD8Tcell
CGGACTCTAAACAG-1,NaiBcell
CGGACTCTCCAATG-1,pDC
CGGACTCTCCTCGT-1,CytotoxCD8Tcell
CGGAGGCTTGGATC-1,unassigned
CGGATAACAACGAA-1,unassigned
CGGATAACAGCTCA-1,unassigned
CGGCACGAACTCAG-1,CD4Tcell_IL7Rmax
CGGCACGAAGGGTG-1,unassigned
CGGCACGACTACGA-1,unassigned
CGGCATCTTAGAAG-1,unassigned
CGGCATCTTCGTAG-1,ClassMonocyte
CGGCCAGAAAGGTA-1,CMCD4Tcell
CGGCCAGAGAGGCA-1,CytotoxCD8Tcell
CGGCGAACCAGTCA-1,cDC
CGGCGAACGACAAA-1,CytotoxCD8Tcell
CGGCGAACGGTCTA-1,unassigned
CGGCGAACTACTTC-1,CytotoxCD8Tcell
CGGGACTGCGTGTA-1,unassigned
CGGGACTGGAATAG-1,CytotoxCD8Tcell
CGGGCATGACCCAA-1,CytotoxCD8Tcell
CGGGCATGTCTCTA-1,CytotoxCD8Tcell
CGGGCATGTTGTGG-1,unassigned
CGGTAAACTCGCAA-1,unassigned
CGGTCACTGTTTGG-1,NaiBcell
CGGTCACTTACTTC-1,unassigned
CGTAACGATCGCCT-1,unassigned
CGTACCACACACAC-1,unassigned
CGTACCACACGTTG-1,unassigned
CGTACCACCTCATT-1,unassigned
CGTACCACGGAGCA-1,unassigned
CGTACCTGGCATCA-1,CytotoxCD8Tcell
CGTAGCCTCTCTCG-1,unassigned
CGTAGCCTGCGAAG-1,unassigned
CGTAGCCTGTATGC-1,unassigned
CGTCAAGAAAGGTA-1,ClassMonocyte
CGTCAAGAACGTGT-1,unassigned
CGTCAAGACAGAGG-1,unassigned
CGTCAAGACAGGAG-1,CytotoxCD8Tcell
CGTCCATGCTCTTA-1,unassigned
CGTCGACTTTCCGC-1,CD4Tcell_IL7Rmax
CGTGATGAGGTTCA-1,unassigned
CGTGCACTTATGGC-1,unassigned
CGTGTAGAAAAACG-1,unassigned
CGTGTAGACGATAC-1,CD4Tcell_IL7Rmax
CGTGTAGAGTTACG-1,CytotoxCD8Tcell
CGTGTAGAGTTCAG-1,unassigned
CGTGTAGATTCGGA-1,CytotoxCD8Tcell
CGTTAGGAAACCAC-1,unassigned
CGTTAGGATCATTC-1,unassigned
CGTTATACCCTGAA-1,CytotoxCD8Tcell
CGTTTAACTGGTCA-1,unassigned
CTAAACCTCTGACA-1,CytotoxCD8Tcell
CTAAACCTGTGCAT-1,unassigned
CTAACACTAACGTC-1,unassigned
CTAACACTAGTGCT-1,ClassMonocyte
CTAACGGAACCGAT-1,CytotoxCD8Tcell
CTAACGGATTTCTG-1,unassigned
CTAACTACGGCAAG-1,unassigned
CTAAGGACACCATG-1,unassigned
CTAAGGACCGTTAG-1,unassigned
CTAAGGACGCCATA-1,unassigned
CTAAGGTGCCTAAG-1,NaiBcell
CTAAGGTGTTGCAG-1,CD4Tcell_IL7Rmax
CTAAGGTGTTTCTG-1,unassigned
CTAATGCTTGTGGT-1,ClassMonocyte
CTACAACTCCCGTT-1,CytotoxCD8Tcell
CTACCTCTCAACCA-1,unassigned
CTACGCACACCTAG-1,unassigned
CTACGCACTCTCCG-1,unassigned
CTACGCACTGGTCA-1,CytotoxCD8Tcell
CTACGGCTTTCTTG-1,unassigned
CTACTATGAACCAC-1,unassigned
CTACTATGATGTGC-1,unassigned
CTACTATGCTAAGC-1,unassigned
CTACTATGTAAAGG-1,NaiBcell
CTACTCCTATGTCG-1,CytotoxCD8Tcell
CTAGAGACACTTTC-1,RegTcell
CTAGAGACAGCATC-1,CytotoxCD8Tcell
CTAGAGACTTTGGG-1,unassigned
CTAGATCTCTCTAT-1,unassigned
CTAGATCTTCGACA-1,unassigned
CTAGGATGAGCCTA-1,Plasma
CTAGGATGATCGTG-1,unassigned
CTAGGCCTCTCAGA-1,unassigned
CTAGGTGATGGTTG-1,NClassMonocyte
CTAGTTACCAGAGG-1,unassigned
CTAGTTACCGCATA-1,unassigned
CTAGTTACGAAACA-1,CytotoxCD8Tcell
CTATAAGATCGTTT-1,unassigned
CTATACTGCCAGTA-1,unassigned
CTATACTGCGCTAA-1,ClassMonocyte
CTATACTGCTACGA-1,CytotoxCD8Tcell
CTATACTGTCTCAT-1,CytotoxCD8Tcell
CTATACTGTTCGTT-1,HematoStem
CTATAGCTGTCACA-1,unassigned
CTATAGCTTCGCTC-1,ClassMonocyte
CTATAGCTTGCCTC-1,ClassMonocyte
CTATCAACGAACTC-1,unassigned
CTATCAACGCAGAG-1,unassigned
CTATCAACTTTGGG-1,unassigned
CTATCCCTCCACCT-1,ClassMonocyte
CTATGTACGAGAGC-1,unassigned
CTATGTACGCTTAG-1,unassigned
CTATGTACTGTTTC-1,NaiBcell
CTATGTTGAAAGCA-1,unassigned
CTATGTTGTCCTCG-1,HematoStem
CTATGTTGTCTCGC-1,unassigned
CTATTGACAAACGA-1,unassigned
CTATTGACACTGGT-1,unassigned
CTATTGACGGTGAG-1,unassigned
CTATTGTGGCAAGG-1,unassigned
CTCAATTGGTTCAG-1,unassigned
CTCAATTGGTTGCA-1,ClassMonocyte
CTCAGAGATAGAAG-1,unassigned
CTCAGCACTCTAGG-1,unassigned
CTCAGCACTGAACC-1,cDC
CTCAGCACTTGCAG-1,unassigned
CTCAGCTGAACCTG-1,ClassMonocyte
CTCAGCTGCAGTTG-1,unassigned
CTCAGGCTCGTTGA-1,unassigned
CTCAGGCTGCTAAC-1,unassigned
CTCATTGACCTTAT-1,unassigned
CTCATTGATGCTTT-1,unassigned
CTCCACGAGAGATA-1,cDC
CTCCATCTCTTAGG-1,unassigned
CTCCATCTGACGAG-1,unassigned
CTCCGAACAAGTGA-1,NClassMonocyte
CTCCTACTGCCTTC-1,unassigned
CTCGAAGATGTGGT-1,unassigned
CTCGAAGATTAGGC-1,ClassMonocyte
CTCGACTGCTCTAT-1,unassigned
CTCGACTGGGTGAG-1,unassigned
CTCGACTGGTTGAC-1,CytotoxCD8Tcell
CTCGAGCTCTGGAT-1,CytotoxCD8Tcell
CTCGCATGACTTTC-1,unassigned
CTCGCATGCTTAGG-1,unassigned
CTCTAAACCTCGAA-1,unassigned
CTCTAAACGGCGAA-1,unassigned
CTCTAATGTCCAAG-1,unassigned
CTGAACGACAGTCA-1,unassigned
CTGAACGATGAGGG-1,CMCD4Tcell
CTGAAGACCCAACA-1,unassigned
CTGAAGACGTGCAT-1,NaiBcell
CTGAAGTGAAGCCT-1,NClassMonocyte
CTGAAGTGCAGCTA-1,NaiBcell
CTGAAGTGGCTATG-1,unassigned
CTGAAGTGTCCAGA-1,unassigned
CTGAATCTGAATAG-1,RegTcell
CTGACAGAATCGTG-1,CytotoxCD8Tcell
CTGACCACAGCAAA-1,unassigned
CTGAGAACCGGGAA-1,unassigned
CTGAGAACGTAAAG-1,CytotoxCD8Tcell
CTGATACTAGTAGA-1,unassigned
CTGATTTGGTGTTG-1,ClassMonocyte
CTGCAGCTAACCGT-1,unassigned
CTGCAGCTGACACT-1,unassigned
CTGCAGCTGGATTC-1,unassigned
CTGCAGCTTGGCAT-1,unassigned
CTGCCAACAGGAGC-1,unassigned
CTGCCAACCAGCTA-1,unassigned
CTGCCAACTAACCG-1,unassigned
CTGCCAACTGCTCC-1,unassigned
CTGCCAACTTGCAG-1,unassigned
CTGCCAACTTGCTT-1,unassigned
CTGGAAACAAACGA-1,CytotoxCD8Tcell
CTGGAAACATCGAC-1,CMCD4Tcell
CTGGATGACTGGAT-1,unassigned
CTGGATGACTTGTT-1,unassigned
CTGGCACTCAAGCT-1,ClassMonocyte
CTGTAACTAACCAC-1,unassigned
CTGTAACTAGCGTT-1,unassigned
CTGTATACGTACGT-1,unassigned
CTGTATACGTTGGT-1,unassigned
CTGTGAGACAACCA-1,NClassMonocyte
CTGTGAGACCTTGC-1,unassigned
CTGTGAGACGAACT-1,ClassMonocyte
CTGTGAGACTGTAG-1,unassigned
CTTAAAGAACCTGA-1,unassigned
CTTAACACCTGTAG-1,unassigned
CTTAACACTATCGG-1,NaiBcell
CTTAAGCTACCTAG-1,unassigned
CTTAAGCTCATCAG-1,unassigned
CTTAAGCTCCGCTT-1,unassigned
CTTACAACTAACGC-1,unassigned
CTTACAACTCCCGT-1,MemBcell
CTTACTGACGTACA-1,unassigned
CTTAGACTAAACGA-1,unassigned
CTTAGGGACTTGCC-1,unassigned
CTTAGGGAGAATCC-1,unassigned
CTTATCGACTCATT-1,unassigned
CTTCACCTACCTGA-1,NClassMonocyte
CTTCATGAAGCATC-1,NaiBcell
CTTCATGAAGTACC-1,unassigned
CTTGAACTACGCAT-1,CMCD4Tcell
CTTGATTGAGGTTC-1,CytotoxCD8Tcell
CTTGATTGATCTTC-1,unassigned
CTTGATTGCATTCT-1,unassigned
CTTGATTGTTTCGT-1,unassigned
CTTGTATGACACCA-1,NaiBcell
CTTGTATGCGCAAT-1,NaiBcell
CTTTACGAGCGAAG-1,unassigned
CTTTAGACCGTGAT-1,unassigned
CTTTAGACGAGACG-1,unassigned
CTTTAGACGATACC-1,unassigned
CTTTAGACGTTGGT-1,unassigned
CTTTAGACTCATTC-1,unassigned
CTTTAGTGACGGGA-1,CytotoxCD8Tcell
CTTTAGTGGGTGGA-1,unassigned
CTTTCAGAGAAACA-1,unassigned
CTTTGATGAGCACT-1,unassigned
CTTTGATGTCTAGG-1,CD4Tcell_IL7Rmax
CTTTGATGTGTCCC-1,unassigned
CTTTGATGTGTGGT-1,unassigned
GAAACAGAACTACG-1,unassigned
GAAACAGAATCACG-1,Prolif
GAAACAGACATTCT-1,unassigned
GAAACCTGATCGTG-1,unassigned
GAAACCTGATGCCA-1,unassigned
GAAACCTGCTTATC-1,unassigned
GAAACCTGGACTAC-1,NClassMonocyte
GAAACCTGTGCTAG-1,CMCD4Tcell
GAAAGATGATTTCC-1,unassigned
GAAAGATGCTGATG-1,NClassMonocyte
GAAAGATGCTTCGC-1,unassigned
GAAAGCCTACGTTG-1,NaiBcell
GAAAGTGAAAGTGA-1,cDC
GAAAGTGACCACAA-1,unassigned
GAAAGTGACTCAAG-1,unassigned
GAAATACTCTTAGG-1,NaiBcell
GAAATACTTCCTCG-1,unassigned
GAACACACGTGCAT-1,unassigned
GAACACACTGCCTC-1,unassigned
GAACAGCTAACTGC-1,RegTcell
GAACAGCTCTCAGA-1,unassigned
GAACCAACTTCCGC-1,CytotoxCD8Tcell
GAACCTGAACGTGT-1,unassigned
GAACCTGAGAGACG-1,unassigned
GAACCTGATGAACC-1,unassigned
GAACGGGATACTTC-1,unassigned
GAACTGTGACCTGA-1,unassigned
GAACTGTGCCAGTA-1,ClassMonocyte
GAAGAATGCAATCG-1,unassigned
GAAGCGGACCTATT-1,ClassMonocyte
GAAGCTACGAATGA-1,unassigned
GAAGCTACGGTTTG-1,unassigned
GAAGGGTGAAAGTG-1,CMCD4Tcell
GAAGGGTGCTTAGG-1,unassigned
GAAGGTCTGAAAGT-1,RegTcell
GAAGGTCTGTTGCA-1,unassigned
GAAGGTCTTAAAGG-1,cDC
GAAGTAGACTCCCA-1,CD4Tcell_IL7Rmax
GAAGTAGATCCAAG-1,unassigned
GAAGTCACCCTCGT-1,unassigned
GAAGTCACCCTGTC-1,NaiBcell
GAAGTCTGTCGCAA-1,NaiBcell
GAAGTCTGTTCTGT-1,unassigned
GAAGTGCTAAACGA-1,CytotoxCD8Tcell
GAAGTGCTCCGCTT-1,ClassMonocyte
GAAGTGCTTAACCG-1,RegTcell
GAATGCACCCTAAG-1,unassigned
GAATGCACCTTCGC-1,CytotoxCD8Tcell
GAATGCTGCGGTAT-1,unassigned
GAATTAACGATAAG-1,NaiBcell
GAATTAACGGTCAT-1,unassigned
GAATTAACGTCGTA-1,CytotoxCD8Tcell
GAATTAACTGAAGA-1,MemBcell
GACAACACAGGCGA-1,unassigned
GACAACACATCGTG-1,unassigned
GACAACACTCGCCT-1,unassigned
GACAACTGAGGTTC-1,unassigned
GACAGGGAAGAGTA-1,NaiBcell
GACAGGGAATGCCA-1,unassigned
GACAGTACGAGCTT-1,NClassMonocyte
GACAGTACTTCGGA-1,unassigned
GACAGTTGAGTAGA-1,NaiBcell
GACATTCTCCACCT-1,cDC
GACCAAACGACTAC-1,RegTcell
GACCAAACGTATCG-1,unassigned
GACCCTACTAAAGG-1,NaiBcell
GACCTAGACCTCAC-1,unassigned
GACCTAGACGAGAG-1,unassigned
GACCTCACAAGGTA-1,unassigned
GACCTCACGTACGT-1,NaiBcell
GACCTCTGCATCAG-1,unassigned
GACGAACTCCCACT-1,unassigned
GACGATTGCCAATG-1,NaiBcell
GACGCCGACCTTCG-1,pDC
GACGGCACACGGGA-1,CytotoxCD8Tcell
GACGGCACGAGATA-1,unassigned
GACGTAACCTATGG-1,unassigned
GACGTAACCTGTGA-1,unassigned
GACGTAACTATGGC-1,CMCD4Tcell
GACGTATGTTGACG-1,unassigned
GACGTATGTTTGCT-1,unassigned
GACGTCCTACGGAG-1,unassigned
GACGTCCTCTCAAG-1,unassigned
GACGTCCTGATAAG-1,MemBcell
GACTACGATGGTCA-1,NaiBcell
GACTCCTGCTCGCT-1,unassigned
GACTCCTGGGTTAC-1,unassigned
GACTCCTGTTATCC-1,unassigned
GACTCCTGTTGGTG-1,unassigned
GACTGAACCAATCG-1,ClassMonocyte
GACTGATGTGATGC-1,unassigned
GACTTTACATGCCA-1,unassigned
GACTTTACGACAGG-1,unassigned
GAGAAATGTTCTCA-1,unassigned
GAGATAGAAAAAGC-1,unassigned
GAGATCACGACAAA-1,unassigned
GAGATGCTCTGGAT-1,unassigned
GAGATGCTGAATGA-1,unassigned
GAGCAGGATTCCCG-1,unassigned
GAGCATACTTTGCT-1,unassigned
GAGCGCACGCGTAT-1,ClassMonocyte
GAGCGCACGGTGAG-1,CD4Tcell_IL7Rmax
GAGCGCTGAAGATG-1,CytotoxCD8Tcell
GAGCGCTGTCTTAC-1,unassigned
GAGCGGCTGGGAGT-1,NaiBcell
GAGGACGACTCAGA-1,cDC
GAGGCAGACTTGCC-1,CytotoxCD8Tcell
GAGGGAACACCAGT-1,unassigned
GAGGGAACGAGGGT-1,unassigned
GAGGGATGGGAAAT-1,RegTcell
GAGGGCCTTCACCC-1,unassigned
GAGGGTGAAGAGTA-1,unassigned
GAGGTACTACGGTT-1,unassigned
GAGGTACTACTCAG-1,ClassMonocyte
GAGGTACTGACACT-1,CytotoxCD8Tcell
GAGGTACTGGGAGT-1,unassigned
GAGGTACTTAGCGT-1,ClassMonocyte
GAGGTGGAGTACGT-1,unassigned
GAGGTGGATCCTCG-1,CytotoxCD8Tcell
GAGGTTACTCGTTT-1,unassigned
GAGTCAACGGGAGT-1,unassigned
GAGTCTGATCGTGA-1,unassigned
GAGTCTGATTTGGG-1,NaiBcell
GAGTGACTCAGCTA-1,unassigned
GAGTGACTCGGTAT-1,unassigned
GAGTGACTCTTGCC-1,NaiBcell
GAGTGACTGACTAC-1,NaiBcell
GAGTGACTGTCTAG-1,unassigned
GAGTGGGAGTCTTT-1,NaiBcell
GAGTGGGATGCCCT-1,unassigned
GAGTGGGATGCTGA-1,unassigned
GAGTGTTGCTGTAG-1,unassigned
GAGTGTTGTGGTCA-1,unassigned
GAGTTGTGCTGAGT-1,CytotoxCD8Tcell
GAGTTGTGGCGAGA-1,unassigned
GAGTTGTGGTAGCT-1,pDC
GAGTTGTGTATGCG-1,NClassMonocyte
GATAAGGAGAAACA-1,ClassMonocyte
GATAAGGATTCACT-1,ClassMonocyte
GATACTCTATCGGT-1,unassigned
GATACTCTTACTTC-1,unassigned
GATACTCTTGACTG-1,unassigned
GATAGAGAAGGGTG-1,CytotoxCD8Tcell
GATAGAGACTGTGA-1,unassigned
GATAGAGATCACGA-1,cDC
GATAGCACCCATAG-1,CMCD4Tcell
GATAGCACGAAGGC-1,unassigned
GATAGCACTTGTCT-1,unassigned
GATATAACAAGGTA-1,unassigned
GATATAACACGCAT-1,unassigned
GATATATGCTGGAT-1,unassigned
GATATATGTCCGTC-1,CytotoxCD8Tcell
GATATATGTGGAGG-1,unassigned
GATATCCTAGAAGT-1,unassigned
GATATCCTCCCGTT-1,Neutrophil
GATATTGACAGGAG-1,unassigned
GATATTGACGAGTT-1,unassigned
GATATTGAGCCAAT-1,unassigned
GATCCCTGACCTTT-1,CytotoxCD8Tcell
GATCCCTGTGTAGC-1,CytotoxCD8Tcell
GATCCGCTGGTCAT-1,unassigned
GATCGAACCGAGAG-1,unassigned
GATCGATGACTAGC-1,MemBcell
GATCGATGGTAAAG-1,NaiBcell
GATCGATGTAAGGA-1,ClassMonocyte
GATCGTGACACTAG-1,unassigned
GATCGTGATTCACT-1,RegTcell
GATCTACTGGTGAG-1,unassigned
GATCTACTTTGCAG-1,NaiBcell
GATCTTACACCCAA-1,unassigned
GATCTTACCCTACC-1,unassigned
GATCTTACGAATAG-1,unassigned
GATCTTACGAGATA-1,ClassMonocyte
GATGCAACTCCAGA-1,unassigned
GATGCCCTACGTAC-1,unassigned
GATGCCCTCTCATT-1,unassigned
GATGCCCTGGCAAG-1,unassigned
GATGCCCTTTTGCT-1,unassigned
GATTACCTTGTTCT-1,unassigned
GATTCGGAACGACT-1,unassigned
GATTCGGACAGGAG-1,unassigned
GATTCGGAGAAGGC-1,unassigned
GATTCTTGATTCGG-1,unassigned
GATTCTTGCCGATA-1,unassigned
GATTCTTGCGAGTT-1,unassigned
GATTGGACCCGTTC-1,unassigned
GATTGGACGGTGTT-1,NaiBcell
GATTGGACTTTCGT-1,NaiBcell
GATTGGTGTGTCAG-1,CMCD4Tcell
GATTTAGACACTCC-1,NClassMonocyte
GATTTAGACTAAGC-1,NaiBcell
GATTTGCTAACGAA-1,RegTcell
GCAACTGATTGCGA-1,unassigned
GCAAGACTACTGGT-1,unassigned
GCAAGACTAGGTCT-1,unassigned
GCAAGACTCCCTTG-1,unassigned
GCAATCGACTGCAA-1,unassigned
GCAATCGAGACGTT-1,unassigned
GCAATCGATCCTTA-1,unassigned
GCAATTCTCGTGTA-1,RegTcell
GCAATTCTTCTCCG-1,unassigned
GCACAAACAATGCC-1,CD4Tcell_IL7Rmax
GCACAAACGGTACT-1,NaiTcell
GCACAATGGTGCAT-1,unassigned
GCACACCTGTGCTA-1,CytotoxCD8Tcell
GCACCACTCATGAC-1,unassigned
GCACCACTTCCTTA-1,CytotoxCD8Tcell
GCACCACTTTCGGA-1,unassigned
GCACCTACGCGATT-1,unassigned
GCACCTTGGCTGTA-1,unassigned
GCACCTTGGGGAGT-1,unassigned
GCACGGACCAGCTA-1,unassigned
GCACGGTGACCTCC-1,unassigned
GCACGGTGCTATGG-1,ClassMonocyte
GCACTAGAACGGGA-1,unassigned
GCACTAGAAGATGA-1,NaiBcell
GCACTAGACCTTTA-1,NClassMonocyte
GCACTAGAGTCGTA-1,CD56brightNK
GCACTAGATGCAAC-1,unassigned
GCACTGCTGAGGCA-1,unassigned
GCAGATACAGCGTT-1,CD4Tcell_IL7Rmax
GCAGATACGACGGA-1,unassigned
GCAGATACGCAGAG-1,unassigned
GCAGCCGACAGTCA-1,unassigned
GCAGCGTGCACTCC-1,RegTcell
GCAGCTCTCAATCG-1,unassigned
GCAGCTCTGTTTCT-1,unassigned
GCAGGGCTAAGAAC-1,CMCD4Tcell
GCAGGGCTAAGGGC-1,unassigned
GCAGGGCTATCGAC-1,CytotoxCD8Tcell
GCAGGGCTTGGGAG-1,CD4Tcell_IL7Rmax
GCAGTCCTAACTGC-1,unassigned
GCAGTCCTCTCTTA-1,unassigned
GCATCAGATGCGTA-1,unassigned
GCATGTGACAAGCT-1,unassigned
GCATTGGAGAAGGC-1,unassigned
GCCAAAACGAGGCA-1,unassigned
GCCAAATGATCGAC-1,unassigned
GCCAACCTACGGTT-1,unassigned
GCCAACCTCGCCTT-1,unassigned
GCCACGGAGGCGAA-1,unassigned
GCCACGGATACTGG-1,unassigned
GCCACTACGTCTTT-1,unassigned
GCCCAACTACCGAT-1,unassigned
GCCCAACTATGGTC-1,CytotoxCD8Tcell
GCCCATACAGCGTT-1,unassigned
GCCGACGAACTCTT-1,unassigned
GCCGAGTGCGTTGA-1,unassigned
GCCGGAACGAACTC-1,CytotoxCD8Tcell
GCCGGAACGTTCTT-1,CytotoxCD8Tcell
GCCGGAACTGCACA-1,CytotoxCD8Tcell
GCCGGAACTTACTC-1,unassigned
GCCGTACTACCTGA-1,unassigned
GCCGTACTGGCAAG-1,ClassMonocyte
GCCTACACAGTTCG-1,CytotoxCD8Tcell
GCCTACACCACTGA-1,unassigned
GCCTACACCTTGAG-1,unassigned
GCCTAGCTACGGAG-1,NaiBcell
GCCTAGCTCTATTC-1,unassigned
GCCTAGCTTCTCAT-1,unassigned
GCCTAGCTTCTCTA-1,NClassMonocyte
GCCTCAACCATGGT-1,unassigned
GCCTCAACTCTTTG-1,unassigned
GCCTCATGTCTTAC-1,unassigned
GCCTGACTCTCAAG-1,unassigned
GCGAAGGAACTCTT-1,unassigned
GCGAAGGATGCCAA-1,unassigned
GCGAGAGAGGGACA-1,unassigned
GCGAGCACTTGACG-1,NaiBcell
GCGAGCACTTGCTT-1,cDC
GCGATATGGTACGT-1,unassigned
GCGATATGGTGTTG-1,unassigned
GCGCACGAAGTCGT-1,unassigned
GCGCACGACTTTAC-1,ClassMonocyte
GCGCATCTAGGTCT-1,unassigned
GCGCATCTGGTTAC-1,pDC
GCGCATCTTCGATG-1,unassigned
GCGCATCTTGCTCC-1,CytotoxCD8Tcell
GCGCATCTTTCTAC-1,unassigned
GCGCGAACGTTCTT-1,NaiBcell
GCGCGATGAACGGG-1,unassigned
GCGCGATGGTGCAT-1,CytotoxCD8Tcell
GCGGAGCTCCTGAA-1,unassigned
GCGGCAACCCGATA-1,unassigned
GCGGCAACGGAGGT-1,NaiBcell
GCGTAAACACGGTT-1,cDC
GCGTAATGCACCAA-1,unassigned
GCGTATGAACACCA-1,unassigned
GCGTATGATGAGAA-1,unassigned
GCTACAGAAAGGTA-1,unassigned
GCTACCTGAGAAGT-1,ClassMonocyte
GCTACCTGATCACG-1,CytotoxCD8Tcell
GCTACGCTAGAATG-1,unassigned
GCTACGCTAGCTAC-1,unassigned
GCTACGCTCCCTAC-1,unassigned
GCTAGAACAGAGGC-1,NaiBcell
GCTAGAACGGATCT-1,CMCD4Tcell
GCTAGAACTCCCGT-1,unassigned
GCTAGATGAGCTCA-1,unassigned
GCTAGATGGCGATT-1,unassigned
GCTATACTAAGGCG-1,unassigned
GCTATACTAGCGTT-1,CD4Tcell_IL7Rmax
GCTATACTCTCTTA-1,unassigned
GCTATACTGGACGA-1,unassigned
GCTCAAGAACCATG-1,unassigned
GCTCAAGAAGTCAC-1,unassigned
GCTCAGCTGTCTAG-1,unassigned
GCTCCATGAGAAGT-1,CytotoxCD8Tcell
GCTCCATGCCGAAT-1,unassigned
GCTCGACTCTAGTG-1,unassigned
GCTGATGAGGTATC-1,ClassMonocyte
GCTTAACTACTGGT-1,CytotoxCD8Tcell
GCTTAACTGCTGAT-1,unassigned
GCTTAACTTAGACC-1,unassigned
GCTTAACTTCAGTG-1,unassigned
GGAACTACTACTTC-1,unassigned
GGAACTTGAAGGTA-1,unassigned
GGAACTTGAGAATG-1,unassigned
GGAACTTGCTCCAC-1,ClassMonocyte
GGAACTTGGGTAGG-1,NaiBcell
GGAAGGACATCGGT-1,unassigned
GGAAGGACCACTAG-1,unassigned
GGAAGGACGAGGGT-1,CMCD4Tcell
GGAAGGACGCGAAG-1,unassigned
GGAAGGTGGCGAGA-1,CytotoxCD8Tcell
GGAATCTGAAGGGC-1,RegTcell
GGAATCTGAGGAGC-1,unassigned
GGAATCTGCTTAGG-1,NaiBcell
GGAATCTGCTTGTT-1,ClassMonocyte
GGAATCTGGGAGGT-1,unassigned
GGAATGCTTTCTAC-1,unassigned
GGACAGGAAAGGGC-1,unassigned
GGACAGGAGTGCTA-1,NaiBcell
GGACAGGATCTCGC-1,unassigned
GGACCCGAAGCTAC-1,ClassMonocyte
GGACCGTGCTTACT-1,unassigned
GGACCGTGGGAACG-1,cDC
GGACCGTGTAACGC-1,unassigned
GGACCTCTGTAAGA-1,unassigned
GGACCTCTTTTCTG-1,unassigned
GGACGCTGACGCAT-1,unassigned
GGACGCTGCTAGCA-1,unassigned
GGACGCTGTCCTCG-1,CytotoxCD8Tcell
GGAGAGACGTGAGG-1,unassigned
GGAGCAGATTCAGG-1,unassigned
GGAGCCACCTTCTA-1,MemBcell
GGAGCGCTACGCAT-1,unassigned
GGAGCGCTCCGAAT-1,unassigned
GGAGGATGCCACCT-1,unassigned
GGAGGATGGTTGAC-1,unassigned
GGAGGATGTCAGTG-1,unassigned
GGAGGCCTCGTTGA-1,CytotoxCD8Tcell
GGAGGCCTTTCTTG-1,unassigned
GGAGGTGATACGCA-1,unassigned
GGAGGTGATCGCTC-1,unassigned
GGATACTGCAGCTA-1,unassigned
GGATACTGTCTAGG-1,unassigned
GGATAGCTCGTCTC-1,unassigned
GGATAGCTCTGAAC-1,CytotoxCD8Tcell
GGATGTACCAAAGA-1,NaiBcell
GGATGTACGCGAAG-1,unassigned
GGATGTACGTGTCA-1,EMCD8Tcell
GGATTTCTAGGTTC-1,unassigned
GGATTTCTTTGTCT-1,unassigned
GGCAAGGAAAAAGC-1,CytotoxCD8Tcell
GGCAAGGAAGAAGT-1,unassigned
GGCAAGGACTTGGA-1,unassigned
GGCAAGGAGGACTT-1,unassigned
GGCAATACGCTAAC-1,NaiBcell
GGCAATACGGCATT-1,unassigned
GGCAATACGTTTCT-1,NaiBcell
GGCACGTGGCTTAG-1,unassigned
GGCACTCTTTTGTC-1,unassigned
GGCATATGCTTATC-1,CytotoxCD8Tcell
GGCATATGTGTGAC-1,unassigned
GGCCAGACTGGTTG-1,unassigned
GGCCCAGAAAGTAG-1,unassigned
GGCCGAACAACGAA-1,unassigned
GGCCGAACGTAGGG-1,unassigned
GGCCGAACTCTAGG-1,CytotoxCD8Tcell
GGCCGATGCAGGAG-1,unassigned
GGCCGATGCCGAAT-1,unassigned
GGCCGATGTACTCT-1,unassigned
GGCGACACTGCCCT-1,unassigned
GGCGACTGCGTAAC-1,unassigned
GGCGCATGCCTAAG-1,unassigned
GGCGCATGCTCCAC-1,unassigned
GGCGCATGTGGAAA-1,unassigned
GGCGGACTAGAGGC-1,RegTcell
GGCGGACTAGGAGC-1,unassigned
GGCGGACTCTGACA-1,unassigned
GGCGGACTCTTGGA-1,CytotoxCD8Tcell
GGCGGACTTACTGG-1,unassigned
GGCGGACTTGAACC-1,unassigned
GGCTAAACACCTGA-1,CytotoxCD8Tcell
GGCTAAACTCTTAC-1,unassigned
GGCTAATGAGCACT-1,unassigned
GGCTAATGGTCTAG-1,unassigned
GGCTCACTACTCAG-1,Neutrophil
GGGAACGAAGCTCA-1,NClassMonocyte
GGGAACGACACAAC-1,NaiBcell
GGGAACGAGTGTCA-1,unassigned
GGGAAGTGTTGAGC-1,ClassMonocyte
GGGACCACACGTTG-1,CytotoxCD8Tcell
GGGACCACAGAACA-1,unassigned
GGGACCACGAATAG-1,unassigned
GGGACCACGTCATG-1,unassigned
GGGACCACTCAAGC-1,CMCD4Tcell
GGGACCACTCGTGA-1,unassigned
GGGACCACTGCATG-1,unassigned
GGGACCTGACCCTC-1,Neutrophil
GGGACCTGCTTGCC-1,unassigned
GGGACCTGTGGAGG-1,NaiBcell
GGGATGGACGACAT-1,unassigned
GGGATGGATACTTC-1,unassigned
GGGATGGATGGTTG-1,unassigned
GGGATTACGTCTAG-1,unassigned
GGGCAAGATGCATG-1,unassigned
GGGCACACGGTGAG-1,unassigned
GGGCACACGTTGCA-1,unassigned
GGGCAGCTTGGGAG-1,unassigned
GGGCAGCTTTTCTG-1,unassigned
GGGCCAACGCGTTA-1,unassigned
GGGCCAACTACGCA-1,unassigned
GGGCCAACTCCAAG-1,NaiBcell
GGGCCATGATGGTC-1,unassigned
GGGCCATGTTGACG-1,unassigned
GGGTAACTCAGCTA-1,unassigned
GGGTAACTCTAGTG-1,NaiBcell
GGGTAACTCTGGAT-1,unassigned
GGGTTAACGTGCAT-1,CytotoxCD8Tcell
GGTAAAGAGCTAAC-1,CytotoxCD8Tcell
GGTACAACTGCAAC-1,unassigned
GGTACATGAAAGCA-1,NaiBcell
GGTACATGAGCTCA-1,unassigned
GGTACATGCGGTAT-1,unassigned
GGTACATGGTTACG-1,unassigned
GGTACATGTGGGAG-1,unassigned
GGTACTGAACTCTT-1,ClassMonocyte
GGTAGTACACCACA-1,CD4Tcell_IL7Rmax
GGTAGTACACTAGC-1,ClassMonocyte
GGTAGTACCCTGTC-1,unassigned
GGTAGTACGCCATA-1,ClassMonocyte
GGTAGTACTGTCTT-1,unassigned
GGTATCGATGAACC-1,unassigned
GGTCAAACCAAAGA-1,unassigned
GGTCTAGAGAAACA-1,ClassMonocyte
GGTCTAGATAGCGT-1,NaiBcell
GGTGATACCGACTA-1,NaiBcell
GGTGATACGACTAC-1,ClassMonocyte
GGTGATACTGTTTC-1,CMCD4Tcell
GGTGGAGAAACGGG-1,unassigned
GGTGGAGAAGTAGA-1,unassigned
GGTGGAGACAGATC-1,CytotoxCD8Tcell
GGTGGAGATCGATG-1,unassigned
GGTGGAGATCTCTA-1,ClassMonocyte
GGTGGAGATTACTC-1,CytotoxCD8Tcell
GGTTTACTACGCAT-1,CytotoxCD8Tcell
GTAACGTGACCTCC-1,unassigned
GTAACGTGATCGGT-1,unassigned
GTAACGTGCAGCTA-1,NaiBcell
GTAACGTGGTTGAC-1,unassigned
GTAAGCACAACGGG-1,unassigned
GTAAGCACTCATTC-1,NaiBcell
GTAAGCTGGTACCA-1,ClassMonocyte
GTAATAACCTTCTA-1,unassigned
GTAATAACGTTGTG-1,unassigned
GTACCCTGACAGTC-1,NClassMonocyte
GTACCCTGGAGCTT-1,unassigned
GTACCCTGTCCTTA-1,CytotoxCD8Tcell
GTACCCTGTGAACC-1,CMCD4Tcell
GTACGTGAACGTTG-1,CytotoxCD8Tcell
GTACTTTGTCGACA-1,CD4Tcell_IL7Rmax
GTAGACTGAGATGA-1,Granulocyte
GTAGACTGTATTCC-1,unassigned
GTAGCAACAGTCGT-1,ClassMonocyte
GTAGCAACCATTTC-1,NaiBcell
GTAGCATGCACTCC-1,NaiBcell
GTAGCATGTAAGCC-1,ClassMonocyte
GTAGCCCTGACGTT-1,unassigned
GTAGCTGAAGCTAC-1,NClassMonocyte
GTAGCTGAATTCGG-1,unassigned
GTAGGTACACGGGA-1,ClassMonocyte
GTAGTGACCTCATT-1,unassigned
GTAGTGTGAGCGGA-1,CytotoxCD8Tcell
GTAGTGTGAGGCGA-1,unassigned
GTAGTGTGTGGTTG-1,unassigned
GTATCACTGGTAGG-1,ClassMonocyte
GTATCTACAGAAGT-1,CytotoxCD8Tcell
GTATCTACGACGAG-1,unassigned
GTATCTACGTTACG-1,unassigned
GTATTAGAAACAGA-1,unassigned
GTATTAGAGGTCTA-1,unassigned
GTATTCACACAGCT-1,cDC
GTATTCACGGGTGA-1,unassigned
GTCAACGACACTGA-1,unassigned
GTCAACGAGTGTAC-1,unassigned
GTCAATCTACACCA-1,unassigned
GTCAATCTGTAGCT-1,unassigned
GTCAATCTTGTGGT-1,unassigned
GTCACCTGCCTCCA-1,unassigned
GTCACCTGTCCCGT-1,unassigned
GTCATACTAATCGC-1,NaiBcell
GTCATACTGCGATT-1,CytotoxCD8Tcell
GTCATACTTTACCT-1,unassigned
GTCATACTTTGACG-1,unassigned
GTCCAAGAAAAACG-1,RegTcell
GTCCACTGACCTCC-1,unassigned
GTCCACTGGGTACT-1,NClassMonocyte
GTCCAGCTACGGGA-1,unassigned
GTCCCATGTGGTGT-1,ClassMonocyte
GTCGAATGAAGGCG-1,ClassMonocyte
GTCGACCTGAATGA-1,CytotoxCD8Tcell
GTCGACCTGTTCAG-1,unassigned
GTCGCACTTGAGAA-1,unassigned
GTCTAACTGGTCTA-1,unassigned
GTCTAGGAGCTTCC-1,Neutrophil
GTGAACACACTCTT-1,unassigned
GTGAACACTCAGGT-1,unassigned
GTGACCCTTAAGCC-1,EMCD8Tcell
GTGATGACAAGTGA-1,unassigned
GTGATGACCTGAGT-1,NaiBcell
GTGATGACGGTTTG-1,unassigned
GTGATTCTCATTTC-1,unassigned
GTGATTCTCTCTCG-1,ClassMonocyte
GTGATTCTGGTTCA-1,CytotoxCD8Tcell
GTGATTCTGTCGAT-1,unassigned
GTGATTCTTAGCGT-1,NaiBcell
GTGCCACTCAGGAG-1,unassigned
GTGGATTGCACTAG-1,NClassMonocyte
GTGGATTGCGGAGA-1,unassigned
GTGGATTGTAACGC-1,unassigned
GTGTACGATCAGTG-1,unassigned
GTGTAGTGGGTACT-1,pDC
GTGTATCTAGCCTA-1,NaiBcell
GTGTATCTAGTAGA-1,CytotoxCD8Tcell
GTGTATCTGTTACG-1,NaiBcell
GTGTCAGAAGCGTT-1,CytotoxCD8Tcell
GTTAAAACCGAGAG-1,CytotoxCD8Tcell
GTTAAATGCTCGAA-1,unassigned
GTTAAATGTCGACA-1,NaiBcell
GTTAACCTAGCTAC-1,unassigned
GTTAACCTTGCTTT-1,cDC
GTTAGGTGCACTCC-1,unassigned
GTTAGGTGCCAGTA-1,ClassMonocyte
GTTAGGTGCCCAAA-1,unassigned
GTTAGGTGGAACTC-1,NaiBcell
GTTAGTCTAAGAAC-1,unassigned
GTTATAGAGGACAG-1,unassigned
GTTATGCTTTCATC-1,unassigned
GTTCAACTGGGACA-1,CytotoxCD8Tcell
GTTCAACTTATGCG-1,unassigned
GTTGACGAGCCCTT-1,CytotoxCD8Tcell
GTTGACGATATCGG-1,CytotoxCD8Tcell
GTTGAGTGGTCTTT-1,unassigned
GTTGAGTGTGCTTT-1,unassigned
GTTGATCTTTTCAC-1,CytotoxCD8Tcell
GTTGGATGTTTACC-1,unassigned
GTTGTACTATTCCT-1,RegTcell
GTTGTACTTTTGGG-1,unassigned
GTTTAAGACCATGA-1,unassigned
GTTTAAGACTGTCC-1,CytotoxCD8Tcell
TAAACAACCAACCA-1,unassigned
TAAACAACGAATCC-1,NaiBcell
TAAAGACTCAGGAG-1,unassigned
TAAATCGATGAGGG-1,unassigned
TAACAATGTGCCCT-1,NaiBcell
TAACACCTTCGCTC-1,unassigned
TAACACCTTCGTAG-1,ClassMonocyte
TAACACCTTGTTTC-1,pDC
TAACATGACACTAG-1,NaiBcell
TAACCGGACTTACT-1,CMCD4Tcell
TAACGTCTCAACCA-1,ClassMonocyte
TAACGTCTCATTGG-1,unassigned
TAACTAGAATTTCC-1,unassigned
TAACTAGACTTAGG-1,unassigned
TAACTAGATCTGGA-1,unassigned
TAACTCACGAGGAC-1,ClassMonocyte
TAACTCACGTACAC-1,NaiBcell
TAACTCACGTATCG-1,unassigned
TAACTCACTCTACT-1,CytotoxCD8Tcell
TAAGAACTGTGTCA-1,ClassMonocyte
TAAGAGGACTAAGC-1,MemBcell
TAAGAGGACTTGTT-1,CytotoxCD8Tcell
TAAGATACGGTTCA-1,unassigned
TAAGATTGCGTAGT-1,unassigned
TAAGATTGTTGCTT-1,unassigned
TAAGCGTGAGGTTC-1,unassigned
TAAGCGTGGACAAA-1,unassigned
TAAGCGTGGGAAAT-1,cDC
TAAGCGTGTGCTCC-1,unassigned
TAAGGCTGCCATGA-1,NaiBcell
TAAGGCTGCTGCTC-1,unassigned
TAAGGCTGTCTCGC-1,unassigned
TAAGGGCTGCTGTA-1,unassigned
TAAGGGCTTTACTC-1,unassigned
TAAGTAACCTCCAC-1,NaiBcell
TAAGTAACCTGTAG-1,CMCD4Tcell
TAAGTAACTTGTCT-1,unassigned
TAATGATGAGCGGA-1,unassigned
TAATGCCTCATGAC-1,unassigned
TAATGCCTCGTCTC-1,CytotoxCD8Tcell
TAATGTGAAGATGA-1,unassigned
TAATGTGACTGCAA-1,unassigned
TAATGTGATTACTC-1,unassigned
TACAAATGGGTACT-1,unassigned
TACAATGAAAACAG-1,ClassMonocyte
TACAATGACTTAGG-1,unassigned
TACAATGATGCTAG-1,unassigned
TACACACTCACACA-1,unassigned
TACACACTCTTACT-1,unassigned
TACATAGAACGCAT-1,unassigned
TACATCACACGGGA-1,unassigned
TACATCACCTGTTT-1,NClassMonocyte
TACATCACGCTAAC-1,NaiBcell
TACATCACTGAACC-1,NClassMonocyte
TACCATTGAGGTTC-1,unassigned
TACCATTGCGGGAA-1,unassigned
TACCATTGGGGATG-1,unassigned
TACCATTGTGAGGG-1,ClassMonocyte
TACCGGCTGTTGGT-1,unassigned
TACGAGTGATCTCT-1,unassigned
TACGAGTGATGCTG-1,unassigned
TACGAGTGCGGAGA-1,unassigned
TACGAGTGGTTGGT-1,unassigned
TACGATCTAGTGTC-1,unassigned
TACGATCTCACTGA-1,unassigned
TACGATCTTACGAC-1,CytotoxCD8Tcell
TACGCAGAGAATCC-1,unassigned
TACGCCACATTCCT-1,unassigned
TACGCCACTCCCAC-1,unassigned
TACGCCACTCCGAA-1,unassigned
TACGGAACGCGTTA-1,NaiBcell
TACGGCCTGGGACA-1,CytotoxCD8Tcell
TACGTACTACGGAG-1,unassigned
TACGTACTCAGTTG-1,unassigned
TACGTACTCCCGTT-1,NaiBcell
TACGTTACAGAAGT-1,unassigned
TACGTTACCAAGCT-1,ClassMonocyte
TACTAAGAATCACG-1,unassigned
TACTAAGATGATGC-1,ClassMonocyte
TACTAAGATTGCGA-1,unassigned
TACTACACGAGAGC-1,unassigned
TACTACTGAACCTG-1,unassigned
TACTACTGATGTCG-1,CytotoxCD8Tcell
TACTACTGATTCTC-1,CMCD4Tcell
TACTACTGTATGGC-1,unassigned
TACTCAACGGTCTA-1,Neutrophil
TACTCAACTGCTAG-1,NaiBcell
TACTCCCTCAGTTG-1,unassigned
TACTCTGAATCGAC-1,CytotoxCD8Tcell
TACTCTGACGAGTT-1,unassigned
TACTCTGATTGACG-1,NaiBcell
TACTGGGATCGATG-1,unassigned
TACTGTTGAAAGCA-1,unassigned
TACTGTTGAGGCGA-1,CytotoxCD8Tcell
TACTGTTGCTGAAC-1,Plasma
TACTTGACTCCTCG-1,EMCD8Tcell
TACTTGACTGGTGT-1,NaiBcell
TACTTTCTTTTGGG-1,unassigned
TAGAAACTAATCGC-1,RegTcell
TAGAAACTGCTTCC-1,unassigned
TAGAAACTGGGATG-1,CytotoxCD8Tcell
TAGAATTGCGACAT-1,unassigned
TAGAATTGTATCGG-1,unassigned
TAGACGTGCTTGAG-1,CD4Tcell_IL7Rmax
TAGACGTGTCGCTC-1,NaiBcell
TAGAGCACCTTACT-1,NaiBcell
TAGATTGACTTGTT-1,NaiBcell
TAGCATCTCAGCTA-1,CytotoxCD8Tcell
TAGCATCTCCCTCA-1,unassigned
TAGCATCTGCTGTA-1,NClassMonocyte
TAGCATCTGGGACA-1,unassigned
TAGCATCTTGTCGA-1,unassigned
TAGCCCACAAAAGC-1,unassigned
TAGCCCACAGCCAT-1,CD4Tcell_IL7Rmax
TAGCCCACAGCTAC-1,CytotoxCD8Tcell
TAGCCCACCCACAA-1,unassigned
TAGCCCTGCGGAGA-1,unassigned
TAGCCGCTTACGAC-1,unassigned
TAGCCGCTTACTTC-1,CytotoxCD8Tcell
TAGCCGCTTTCCAT-1,ClassMonocyte
TAGCTACTGAATAG-1,NaiBcell
TAGCTACTGTAGCT-1,unassigned
TAGCTACTTTTGCT-1,unassigned
TAGGACTGTGCTGA-1,unassigned
TAGGAGCTAAGGCG-1,NaiBcell
TAGGAGCTGAGGGT-1,pDC
TAGGAGCTTGCATG-1,NaiBcell
TAGGCAACCGTCTC-1,unassigned
TAGGCATGCTCTCG-1,pDC
TAGGCATGGCGAGA-1,EMCD8Tcell
TAGGCTGATGCCTC-1,unassigned
TAGGGACTGAACTC-1,CytotoxCD8Tcell
TAGGTCGACACTGA-1,unassigned
TAGGTCGAGGATCT-1,NaiBcell
TAGGTGACACACTG-1,unassigned
TAGGTGACACGTTG-1,NaiBcell
TAGGTGTGTTCTGT-1,unassigned
TAGGTTCTGAAGGC-1,unassigned
TAGGTTCTTCTTAC-1,unassigned
TAGGTTCTTGCTGA-1,unassigned
TAGTAAACCTCGCT-1,unassigned
TAGTAAACGTCACA-1,unassigned
TAGTAATGAGATCC-1,unassigned
TAGTACCTAAGAAC-1,ClassMonocyte
TAGTATGATCTTAC-1,NaiBcell
TAGTATGATTCTCA-1,unassigned
TAGTCTTGTGGAAA-1,CD4Tcell_IL7Rmax
TAGTGGTGAAGTGA-1,CytotoxCD8Tcell
TAGTTAGAACCACA-1,CytotoxCD8Tcell
TAGTTAGATGAACC-1,unassigned
TATAAGACAGCTCA-1,unassigned
TATAAGTGACACCA-1,unassigned
TATAAGTGTGGTGT-1,unassigned
TATACAGAACCCTC-1,CytotoxCD8Tcell
TATACAGAAGAACA-1,unassigned
TATACAGATCCAGA-1,unassigned
TATACCACCTGATG-1,NaiBcell
TATACGCTACCAAC-1,unassigned
TATAGATGGACGGA-1,unassigned
TATAGATGTTCCGC-1,unassigned
TATCCAACCAGCTA-1,unassigned
TATCCAACTCTCTA-1,CD4Tcell_IL7Rmax
TATCGACTACTAGC-1,unassigned
TATCGACTCGATAC-1,unassigned
TATCGTACAGATGA-1,unassigned
TATCGTACATTCCT-1,unassigned
TATCTCGAGAGATA-1,unassigned
TATCTGACAGGTTC-1,CytotoxCD8Tcell
TATCTGACTGTTTC-1,unassigned
TATCTTCTAAACAG-1,unassigned
TATGAATGGAGGAC-1,CytotoxCD8Tcell
TATGAATGTTTGCT-1,NClassMonocyte
TATGCGGATAACCG-1,unassigned
TATGGGTGCATCAG-1,CytotoxCD8Tcell
TATGGGTGCTAGCA-1,unassigned
TATGGTCTCTACCC-1,unassigned
TATGTCACGGAACG-1,unassigned
TATGTCACTAACCG-1,unassigned
TATGTCACTTCTCA-1,NaiBcell
TATGTGCTCCGATA-1,unassigned
TATGTGCTGGATTC-1,unassigned
TATTGCTGCCGTTC-1,unassigned
TATTGCTGTCTGGA-1,unassigned
TATTTCCTATTGGC-1,unassigned
TATTTCCTGGAGGT-1,CytotoxCD8Tcell
TATTTCCTGGTGTT-1,unassigned
TCAACACTGTTTGG-1,CytotoxCD8Tcell
TCAAGGACAGCGTT-1,unassigned
TCAAGGACATTCTC-1,CytotoxCD8Tcell
TCAAGGACGGTGTT-1,unassigned
TCAATCACACTCTT-1,CD4Tcell_IL7Rmax
TCAATCACAGTCGT-1,unassigned
TCACAACTATGTGC-1,unassigned
TCACAACTTTGCTT-1,Neutrophil
TCACATACACTTTC-1,unassigned
TCACATACAGGGTG-1,unassigned
TCACCCGAGACGGA-1,unassigned
TCACCGTGCTCGCT-1,unassigned
TCACCTCTACGACT-1,unassigned
TCACCTCTTCCAAG-1,unassigned
TCACGAGAGGAGGT-1,unassigned
TCACTATGGGGCAA-1,unassigned
TCAGACGACGCTAA-1,unassigned
TCAGACGACGTTAG-1,CytotoxCD8Tcell
TCAGAGACTCCAGA-1,NaiBcell
TCAGCAGACTCCAC-1,unassigned
TCAGCGCTCTAGTG-1,unassigned
TCAGCGCTGGATCT-1,NaiBcell
TCAGCGCTGGTATC-1,CD4Tcell_IL7Rmax
TCAGGATGAAGTAG-1,unassigned
TCAGGATGCCTTTA-1,unassigned
TCAGTGGAAGATCC-1,CytotoxCD8Tcell
TCAGTTACCTACGA-1,Granulocyte
TCAGTTACTAGAAG-1,unassigned
TCATCAACCCGATA-1,unassigned
TCATCAACTGTTCT-1,unassigned
TCATCATGCAGTTG-1,unassigned
TCATCCCTTACTGG-1,unassigned
TCATTCGATACAGC-1,unassigned
TCCACGTGGAAACA-1,unassigned
TCCACTCTACACTG-1,unassigned
TCCACTCTGAGCTT-1,unassigned
TCCACTCTTACTTC-1,NaiBcell
TCCATAACAAAGTG-1,unassigned
TCCATAACCGTAGT-1,unassigned
TCCATAACGATGAA-1,CMCD4Tcell
TCCATAACTACGCA-1,MemBcell
TCCATCCTCCCTAC-1,CytotoxCD8Tcell
TCCCACGATCATTC-1,unassigned
TCCCATCTCAAAGA-1,ClassMonocyte
TCCCGAACACAGTC-1,CytotoxCD8Tcell
TCCCGAACTTCGCC-1,NClassMonocyte
TCCCGATGAGATCC-1,unassigned
TCCCTACTCAACTG-1,NaiBcell
TCCGAAGACAATCG-1,unassigned
TCCGAAGACGTTAG-1,NaiBcell
TCCGGACTGAGGTG-1,unassigned
TCCGGACTGTACGT-1,unassigned
TCCTAAACCGAGAG-1,unassigned
TCCTAAACCGCATA-1,CytotoxCD8Tcell
TCCTAATGGTTTGG-1,CytotoxCD8Tcell
TCCTACCTGTCGTA-1,unassigned
TCCTATGAAAAGCA-1,CytotoxCD8Tcell
TCGAATCTCTGGTA-1,CytotoxCD8Tcell
TCGACCTGCCGATA-1,unassigned
TCGACGCTTCTATC-1,ClassMonocyte
TCGACGCTTTGACG-1,unassigned
TCGAGAACGACAGG-1,unassigned
TCGAGAACGTTAGC-1,RegTcell
TCGAGCCTATCAGC-1,NaiBcell
TCGAGCCTGCGAGA-1,unassigned
TCGAGCCTTGTGAC-1,unassigned
TCGATACTATTCCT-1,unassigned
TCGATACTTGCACA-1,unassigned
TCGATTTGATGCCA-1,unassigned
TCGATTTGCACTCC-1,unassigned
TCGATTTGCAGCTA-1,CytotoxCD8Tcell
TCGATTTGCCTACC-1,unassigned
TCGATTTGTCGTGA-1,HematoStem
TCGCAGCTAGATCC-1,unassigned
TCGCCATGAGACTC-1,unassigned
TCGCCATGTGGTCA-1,NaiBcell
TCGGACCTAACAGA-1,unassigned
TCGGACCTATAAGG-1,NaiBcell
TCGGACCTGTACAC-1,unassigned
TCGGTAGAGTAGGG-1,unassigned
TCGGTAGATCCCAC-1,unassigned
TCGTAGGATCGACA-1,unassigned
TCGTTATGGACAAA-1,unassigned
TCTAACACCAGTTG-1,CytotoxCD8Tcell
TCTAACACGAGCAG-1,cDC
TCTAACTGAACCAC-1,unassigned
TCTAAGCTAATGCC-1,unassigned
TCTAAGCTTAGTCG-1,CytotoxCD8Tcell
TCTAAGCTTCTAGG-1,unassigned
TCTAAGCTTGTTCT-1,ClassMonocyte
TCTACAACGACTAC-1,unassigned
TCTAGACTTAGAAG-1,ClassMonocyte
TCTAGTTGCACCAA-1,unassigned
TCTATGTGAAGAGT-1,unassigned
TCTCAAACCTAAGC-1,NaiBcell
TCTCTAGAATTTCC-1,unassigned
TCTGATACACGTGT-1,unassigned
TCTGATACTCGCCT-1,unassigned
TCTTACGAACCTGA-1,ClassMonocyte
TCTTCAGAGCTACA-1,unassigned
TCTTGATGCGGAGA-1,CytotoxCD8Tcell
TGAAATTGGTGAGG-1,ClassMonocyte
TGAACCGAAAACGA-1,unassigned
TGAACCGACTACTT-1,NClassMonocyte
TGAACCGATTCGGA-1,unassigned
TGAAGCACTCACGA-1,CD4Tcell_IL7Rmax
TGAAGCTGAACGAA-1,unassigned
TGAAGCTGCATGGT-1,NaiBcell
TGAAGCTGCGTAAC-1,unassigned
TGAATAACCACTTT-1,unassigned
TGAATAACTCCCAC-1,CytotoxCD8Tcell
TGACACGACCTTAT-1,NaiBcell
TGACCAGACAACCA-1,unassigned
TGACCAGAGGATTC-1,unassigned
TGACCGCTAAAAGC-1,pDC
TGACCGCTCTGCAA-1,unassigned
TGACGATGCAAAGA-1,unassigned
TGACGCCTGTACCA-1,RegTcell
TGACGCCTTTACTC-1,unassigned
TGACTGGAAGAGAT-1,unassigned
TGACTGGACCGTAA-1,RegTcell
TGACTGGACGCAAT-1,unassigned
TGACTGGAGGACAG-1,cDC
TGACTGGATTCTCA-1,unassigned
TGACTTACACACCA-1,unassigned
TGACTTACAGTCTG-1,ClassMonocyte
TGACTTTGCGCATA-1,CMCD4Tcell
TGACTTTGTTTGTC-1,CMCD4Tcell
TGAGACACAAGGTA-1,unassigned
TGAGACACTCAAGC-1,unassigned
TGAGCTGAATGCTG-1,NClassMonocyte
TGAGCTGACTGGAT-1,ClassMonocyte
TGAGGACTCTCATT-1,ClassMonocyte
TGAGGACTTCATTC-1,unassigned
TGAGGTACGAACCT-1,unassigned
TGAGTCGAGTTACG-1,NaiBcell
TGAGTGACTGAGCT-1,unassigned
TGATAAACGAATCC-1,CMCD4Tcell
TGATAAACTCCGTC-1,CytotoxCD8Tcell
TGATAAACTTTCAC-1,unassigned
TGATACCTCACTAG-1,ClassMonocyte
TGATACCTGTTGGT-1,unassigned
TGATACCTTATGCG-1,unassigned
TGATACCTTGAAGA-1,unassigned
TGATATGAACCTTT-1,unassigned
TGATCACTAGCATC-1,unassigned
TGATCACTCTCGCT-1,unassigned
TGATCACTTCTACT-1,NaiBcell
TGATCGGACTGACA-1,unassigned
TGATCGGAGGAGCA-1,NaiBcell
TGATCGGATATGCG-1,unassigned
TGATTAGACATTGG-1,unassigned
TGATTAGATGACTG-1,NaiBcell
TGATTAGATGCTAG-1,unassigned
TGATTCACTATGCG-1,unassigned
TGATTCACTGTCAG-1,NaiBcell
TGATTCTGCCGAAT-1,unassigned
TGATTCTGCTCTTA-1,unassigned
TGCAAGTGAGAACA-1,unassigned
TGCAAGTGGGTAGG-1,unassigned
TGCAATCTTCAGGT-1,NaiBcell
TGCACAGACGACAT-1,CytotoxCD8Tcell
TGCCAAGAGCAGTT-1,unassigned
TGCCAAGATCTCTA-1,unassigned
TGCCACTGAACGTC-1,unassigned
TGCCACTGCGATAC-1,CytotoxCD8Tcell
TGCCAGCTTGGCAT-1,unassigned
TGCCCAACAGCAAA-1,unassigned
TGCCCAACCGCATA-1,unassigned
TGCCGACTCTCCCA-1,NaiBcell
TGCGAAACAGTCAC-1,CMCD4Tcell
TGCGAAACGTTGCA-1,NaiBcell
TGCGATGAACGGTT-1,unassigned
TGCGATGACCTCGT-1,unassigned
TGCGATGACTAGTG-1,unassigned
TGCGATGACTGCTC-1,NaiBcell
TGCGATGACTTGCC-1,unassigned
TGCGATGAGTGCTA-1,unassigned
TGCGCACTCTTGAG-1,ClassMonocyte
TGCGTAGAATAAGG-1,unassigned
TGCGTAGACGGGAA-1,unassigned
TGCGTAGATGGTCA-1,unassigned
TGCTAGGAAACCGT-1,unassigned
TGCTAGGATAGTCG-1,unassigned
TGCTATACGGTTCA-1,unassigned
TGCTATACTGCTGA-1,CD4Tcell_IL7Rmax
TGCTGAGAGAGCAG-1,CytotoxCD8Tcell
TGCTGAGATTATCC-1,CMCD4Tcell
TGGAAAGACTCTCG-1,unassigned
TGGAAAGAGCGATT-1,RegTcell
TGGAAAGAGGTCAT-1,NClassMonocyte
TGGAAAGATATGGC-1,unassigned
TGGAACACAAACAG-1,CytotoxCD8Tcell
TGGAACACGCTAAC-1,unassigned
TGGAAGCTCAGATC-1,unassigned
TGGACCCTCATGGT-1,CD4Tcell_IL7Rmax
TGGACCCTGGTACT-1,unassigned
TGGACTGAGTATGC-1,unassigned
TGGAGACTATCAGC-1,unassigned
TGGAGACTTCAAGC-1,unassigned
TGGAGACTTGACCA-1,CytotoxCD8Tcell
TGGAGGGACGGAGA-1,unassigned
TGGAGGGAGCTATG-1,unassigned
TGGATCGATAAAGG-1,unassigned
TGGATGTGACCTAG-1,NaiBcell
TGGATGTGTGAAGA-1,NaiBcell
TGGATTCTCATACG-1,unassigned
TGGCAATGCTTGTT-1,unassigned
TGGCACCTTCAGTG-1,ClassMonocyte
TGGGTATGAAGAGT-1,unassigned
TGGGTATGCACAAC-1,unassigned
TGGGTATGGTACGT-1,RegTcell
TGGGTATGTTTGGG-1,unassigned
TGGTAGACATGCCA-1,unassigned
TGGTAGACCCTCAC-1,CytotoxCD8Tcell
TGGTAGACCTGATG-1,unassigned
TGGTAGTGCACTGA-1,unassigned
TGGTATCTAAACAG-1,unassigned
TGGTATCTCTTCCG-1,unassigned
TGGTCAGACCCAAA-1,unassigned
TGGTTACTGACGTT-1,unassigned
TGGTTACTGTTCTT-1,unassigned
TGTAACCTAGAGGC-1,unassigned
TGTAACCTTGCCTC-1,unassigned
TGTAATGACACAAC-1,CytotoxCD8Tcell
TGTAATGAGGTAAA-1,CytotoxCD8Tcell
TGTACTTGCTCTAT-1,NClassMonocyte
TGTAGGTGCGAGAG-1,NaiBcell
TGTAGGTGCTATGG-1,unassigned
TGTAGGTGCTCTAT-1,unassigned
TGTAGGTGTGCTGA-1,unassigned
TGTAGTCTTCCAGA-1,HematoStem
TGTAGTCTTGCACA-1,unassigned
TGTATCTGTTAGGC-1,CMCD4Tcell
TGTATGCTCATGGT-1,NaiBcell
TGTATGCTGTAGGG-1,unassigned
TGTATGCTTTCATC-1,unassigned
TGTCAGGAATACCG-1,unassigned
TGTCAGGAGATGAA-1,unassigned
TGTCTAACCCCTTG-1,unassigned
TGTGACGATTCTCA-1,unassigned
TGTGAGACTGTCAG-1,unassigned
TGTGAGACTTGAGC-1,unassigned
TGTGAGTGACCACA-1,unassigned
TGTGAGTGAGTGCT-1,unassigned
TGTGATCTCTCTAT-1,CMCD4Tcell
TGTGATCTGACACT-1,unassigned
TGTGGATGGCCAAT-1,NaiBcell
TGTTAAGATAAGGA-1,ClassMonocyte
TGTTACACCGCATA-1,unassigned
TGTTACACGACTAC-1,unassigned
TGTTACTGGCTACA-1,unassigned
TGTTACTGTAGTCG-1,CytotoxCD8Tcell
TTAACCACCGTAAC-1,unassigned
TTAACCACTAAGGA-1,CytotoxCD8Tcell
TTAACCACTCAGAC-1,unassigned
TTACACACGTGTTG-1,CMCD4Tcell
TTACACACTCCTAT-1,unassigned
TTACCATGAATCGC-1,unassigned
TTACCATGGTTGAC-1,unassigned
TTACCATGTGTCTT-1,CytotoxCD8Tcell
TTACCATGTTGTGG-1,unassigned
TTACGACTGAGAGC-1,unassigned
TTACGACTTGACAC-1,ClassMonocyte
TTACTCGAAGAATG-1,unassigned
TTACTCGACGCAAT-1,cDC
TTACTCGAGGGTGA-1,unassigned
TTACTCGATCTACT-1,CytotoxCD8Tcell
TTAGAATGTGGTGT-1,unassigned
TTAGACCTCCTACC-1,unassigned
TTAGACCTCCTTTA-1,unassigned
TTAGCTACAACCGT-1,unassigned
TTAGCTACTGTCCC-1,unassigned
TTAGCTACTTTCGT-1,unassigned
TTAGGGACGCGAAG-1,CD4Tcell_IL7Rmax
TTAGGGTGCTGGAT-1,NaiBcell
TTAGGGTGTCCTGC-1,unassigned
TTAGGTCTACTTTC-1,ClassMonocyte
TTAGTCACCAGTTG-1,unassigned
TTAGTCTGAAAGCA-1,unassigned
TTAGTCTGCCAACA-1,CytotoxCD8Tcell
TTAGTCTGTGCACA-1,unassigned
TTATCCGACTAGTG-1,unassigned
TTATCCGAGAAAGT-1,unassigned
TTATGAGAGATAAG-1,unassigned
TTATGCACGTCACA-1,NaiBcell
TTATGGCTTATGGC-1,cDC
TTATTCCTATGCTG-1,unassigned
TTATTCCTGGACAG-1,unassigned
TTATTCCTGGTACT-1,NaiBcell
TTATTCCTTCGTGA-1,unassigned
TTCAAAGATAAAGG-1,unassigned
TTCAACACAACAGA-1,unassigned
TTCAACACCCCAAA-1,ClassMonocyte
TTCAACACGGACGA-1,unassigned
TTCAAGCTAAGAAC-1,unassigned
TTCAAGCTAGATGA-1,unassigned
TTCAAGCTGTTGAC-1,unassigned
TTCAAGCTTGATGC-1,RegTcell
TTCAAGCTTTCGCC-1,unassigned
TTCACAACCCGTTC-1,unassigned
TTCAGACTCTCGAA-1,CytotoxCD8Tcell
TTCAGTACCGACTA-1,unassigned
TTCAGTACTCAAGC-1,unassigned
TTCAGTACTCCTAT-1,ClassMonocyte
TTCAGTTGCCAAGT-1,CMCD4Tcell
TTCAGTTGTCCTTA-1,cDC
TTCAGTTGTCTAGG-1,unassigned
TTCAGTTGTCTCGC-1,unassigned
TTCATCGAGGTGGA-1,ClassMonocyte
TTCATGTGTGGTGT-1,unassigned
TTCATTCTATGTCG-1,unassigned
TTCATTCTTCTCTA-1,unassigned
TTCCAAACCTATGG-1,unassigned
TTCCAAACCTCCCA-1,unassigned
TTCCAAACTTGACG-1,CytotoxCD8Tcell
TTCCATGACGAGAG-1,unassigned
TTCCATGACTGTCC-1,unassigned
TTCCCACTTGAGGG-1,CytotoxCD8Tcell
TTCCCACTTGTCTT-1,unassigned
TTCCTAGAAAGTGA-1,Mast
TTCCTAGACTAGTG-1,NClassMonocyte
TTCGAGGACTCTAT-1,unassigned
TTCGAGGAGGGCAA-1,unassigned
TTCGAGGATAGAAG-1,NClassMonocyte
TTCGATTGAGCATC-1,unassigned
TTCGGAGAATGCCA-1,unassigned
TTCGGAGATGTGCA-1,unassigned
TTCGTATGAAAAGC-1,CytotoxCD8Tcell
TTCGTATGGATAGA-1,CytotoxCD8Tcell
TTCGTATGGTCTGA-1,unassigned
TTCGTATGTCCTTA-1,unassigned
TTCTACGAACGTAC-1,unassigned
TTCTACGAGTTGGT-1,unassigned
TTCTAGTGACACGT-1,unassigned
TTCTAGTGCATGAC-1,unassigned
TTCTAGTGGAGAGC-1,CytotoxCD8Tcell
TTCTAGTGGTCACA-1,unassigned
TTCTCAGAAGAGAT-1,unassigned
TTCTCAGAAGCATC-1,unassigned
TTCTCAGATGGAGG-1,unassigned
TTCTGATGGAGACG-1,CytotoxCD8Tcell
TTCTTACTCTGGAT-1,NClassMonocyte
TTGAACCTCCTTGC-1,NaiBcell
TTGAATGAACTACG-1,unassigned
TTGAATGACTTACT-1,unassigned
TTGAATGATCTCAT-1,unassigned
TTGACACTCTGTAG-1,unassigned
TTGACACTGATAAG-1,NaiBcell
TTGAGGACAGAACA-1,ClassMonocyte
TTGAGGACTACGCA-1,unassigned
TTGAGGTGGACGGA-1,unassigned
TTGCATTGAGCTAC-1,unassigned
TTGCATTGCTAAGC-1,ClassMonocyte
TTGCATTGTGACTG-1,unassigned
TTGCTAACACCAAC-1,EMCD8Tcell
TTGCTAACACGCTA-1,unassigned
TTGCTAACCACTCC-1,unassigned
TTGCTATGGTACGT-1,Neutrophil
TTGCTATGGTAGGG-1,unassigned
TTGGAGACCAATCG-1,unassigned
TTGGAGACGCTATG-1,unassigned
TTGGAGACTATGGC-1,NaiBcell
TTGGGAACTGAACC-1,unassigned
TTGGTACTACTGGT-1,unassigned
TTGGTACTCTTAGG-1,unassigned
TTGGTACTGAATCC-1,NaiBcell
TTGGTACTGGATTC-1,MemBcell
TTGTACACGTTGTG-1,NaiBcell
TTGTACACTTGCAG-1,unassigned
TTGTAGCTAGCTCA-1,unassigned
TTGTAGCTCTCTTA-1,unassigned
TTGTCATGGACGGA-1,CytotoxCD8Tcell
TTTAGAGATCCTCG-1,unassigned
TTTAGCTGATACCG-1,unassigned
TTTAGCTGGATACC-1,unassigned
TTTAGCTGTACTCT-1,unassigned
TTTAGGCTCCTTTA-1,ClassMonocyte
TTTATCCTGTTGTG-1,unassigned
TTTCACGAGGTTCA-1,unassigned
TTTCAGTGGAAGGC-1,unassigned
TTTCAGTGTCACGA-1,NaiBcell
TTTCAGTGTGCAGT-1,NaiBcell
TTTCCAGAGGTGAG-1,unassigned
TTTCGAACACCTGA-1,pDC
TTTCGAACTCTCAT-1,unassigned
TTTCTACTGAGGCA-1,Plasma
TTTCTACTTCCTCG-1,NaiBcell
TTTGCATGAGAGGC-1,NaiBcell
TTTGCATGCCTCAC-1,unassigned
